,id,time,text,image_link,image_flag,video_link,video_flag,products,product_flag
0,ASICSamerica_1613492003,2021-02-16,2020 was a lesson on falling. 2021 is about learning how to get back up when you‚Äôre down. Challenge accepted.,https://scontent-iad3-1.xx.fbcdn.net/v/t15.5256-10/146416550_516762705967276_1298501453047915230_n.jpg?_nc_cat=105&ccb=1-3&_nc_sid=f2c4d5&_nc_ohc=bAoBtbdgu3AAX8C17gj&_nc_ht=scontent-iad3-1.xx&oh=adb304faa96c42279045da8a7e746427&oe=60BC1C30,Yes,https://www.facebook.com/ASICSamerica/videos/516761712634042/?t=0,Yes,[],No
1,ASICSamerica_1622641722,2021-06-02,"Move your mind, uplift the world. ‚ú®
On this Global Running Day, we are excited to share the all-new Mind Uplifter‚Ñ¢ tool - the world's first, live study into the impact of movement on the mind. Take part in our Uplifting Minds Run series and test out the Mind Uplifter‚Ñ¢ tool to understand the impact of movement on your mind.
Learn more: https://asics.tv/3vKk1yi",['https://scontent-iad3-1.xx.fbcdn.net/v/t1.6435-9/195736057_4223883990997612_345256668492553745_n.jpg?_nc_cat=103&ccb=1-3&_nc_sid=2d5d41&_nc_ohc=BYF3IVvbrGYAX9na7g9&_nc_ht=scontent-iad3-1.xx&oh=63fca44b10fee7511b8392da8a61558c&oe=60DBE8F4'],Yes,,No,[],No
2,ASICSamerica_1622128006,2021-05-27,Summertime looks for the whole family ‚Äì introducing our Crazy Cookout collection. https://asics.tv/3wz07X5,['https://scontent-iad3-1.xx.fbcdn.net/v/t1.6435-0/p640x640/191383688_4206483492737662_5157951499165768687_n.jpg?_nc_cat=111&ccb=1-3&_nc_sid=2d5d41&_nc_ohc=xNMJgtEkrzAAX9Akrjz&_nc_ht=scontent-iad3-1.xx&tp=6&oh=22e82db34f68f58e6de7f24bb14229e9&oe=60DD7EF5'],Yes,,No,['https://www.facebook.com/commerce/products/3957984437624317/'],Yes
3,ASICSamerica_1621006210,2021-05-14,There is still time to run and donate to NAMI-NYC: https://asics.tv/3ef9MvJ,['https://scontent-iad3-1.xx.fbcdn.net/v/t1.6435-9/186528939_4166138193438859_3943453284787274083_n.png?_nc_cat=108&ccb=1-3&_nc_sid=2d5d41&_nc_ohc=Vlq_2WVpJjYAX-eZr57&_nc_ht=scontent-iad3-1.xx&oh=8a3cfaa83a9002ac76c0f202930a3d32&oe=60DC7FE8'],Yes,,No,[],No
4,ASICSamerica_1620399355,2021-05-07,"Johnny Gregorek's running mantra? ""Don't compare yourself to others. Try to be the best version of yourself 7 days a week.""
Join Johnny in the 2021 ASICS Blue Jean Mile by registering now: https://asics.tv/3ef9MvJ","['https://scontent-iad3-1.xx.fbcdn.net/v/t1.6435-9/p843x403/183281958_4144053392314006_3149680792595511101_n.jpg?_nc_cat=102&ccb=1-3&_nc_sid=8024bb&_nc_ohc=xKzgvyOOcoEAX9SsoYW&_nc_ht=scontent-iad3-1.xx&tp=6&oh=3dde1a4ff501f4de2d8e27ee1aa5a63c&oe=60DE6DF6', 'https://scontent-iad3-1.xx.fbcdn.net/v/t1.6435-0/p526x296/183281957_4144053408980671_1866487315504482772_n.jpg?_nc_cat=111&ccb=1-3&_nc_sid=8024bb&_nc_ohc=Z4sAyokbXtgAX_WwQsW&_nc_oc=AQltOHbeMr_KQ1Nmh1td2jC9-PjaP6hAM4NgIWuqDQtnk48Ft2xn0L3xSDa_idsLdxY&_nc_ht=scontent-iad3-1.xx&tp=6&oh=734ef516b6cc52ae169c0058a0cdb79d&oe=60DDD0EF', 'https://scontent-iad3-1.xx.fbcdn.net/v/t1.6435-0/p526x296/183270187_4144053428980669_9035703023845812547_n.jpg?_nc_cat=105&ccb=1-3&_nc_sid=8024bb&_nc_ohc=D7cJFhJppCAAX_NX4Z1&_nc_ht=scontent-iad3-1.xx&tp=6&oh=c1f4f0a62169b58447f8c4824ded034b&oe=60DF25AD']",Yes,,No,['https://www.facebook.com/commerce/products/5459969600742000/'],Yes
5,ASICSamerica_1620133383,2021-05-04,"This year, we've inviting YOU to join in on the fun! With our partners at Race Roster and ASICS Runkeeper we are so excited to announce the 2021 virtual Blue Jean Mile. The race is FREE to participate, and you can register now ‚Äì May 31 by clicking here: https://asics.tv/3ef9MvJ",['https://scontent-iad3-1.xx.fbcdn.net/v/t1.6435-9/s1080x2048/182260251_4134623579923654_1150396344493694046_n.jpg?_nc_cat=106&ccb=1-3&_nc_sid=2d5d41&_nc_ohc=UCHeTpji_uAAX9ZY8qM&_nc_ht=scontent-iad3-1.xx&tp=7&oh=0a74d24818135ccf061b22177e3a2c17&oe=60DD64D2'],Yes,,No,[],No
6,ASICSamerica_1620046981,2021-05-03,"This Mental Health Awareness Month, we are honored to play a small role in ASICS athlete, Johnny Gregorek's story. üíô",https://scontent-iad3-1.xx.fbcdn.net/v/t15.5256-10/126903121_315532546675167_2135757092700678333_n.jpg?_nc_cat=102&ccb=1-3&_nc_sid=f2c4d5&_nc_ohc=b5lr-LyTjXYAX8XqJF4&_nc_ht=scontent-iad3-1.xx&oh=61b926c7bbcbc7de80471561e1fda680&oe=60BC622B,Yes,https://www.facebook.com/ASICSamerica/videos/315529933342095/?t=0,Yes,[],No
7,ASICSamerica_1619480051,2021-04-26,"Sound Mind, Sound Body‚Ñ¢ üíô",https://scontent-iad3-1.xx.fbcdn.net/v/t1.6435-1/p160x160/194897939_10157800574677687_5797431118173707210_n.jpg?_nc_cat=1&ccb=1-3&_nc_sid=dbb9e7&_nc_ohc=T-qZtISr2MUAX87CRrI&_nc_ht=scontent-iad3-1.xx&tp=6&oh=3a51c06df9a84d445e575f06c791da49&oe=60DBEDFF,Yes,,No,[],No
8,ASICSamerica_1619101855,2021-04-22,"Our sustainability commitment: to achieve a sound mind in a sound body, we need a sound earth. Learn more about how we‚Äôre making sustainable shoes and a lighter footprint for a brighter tomorrow. https://asics.tv/3xawtbP",https://scontent-iad3-1.xx.fbcdn.net/v/t15.5256-10/174021600_207929330807007_4802389478750730670_n.jpg?_nc_cat=109&ccb=1-3&_nc_sid=f2c4d5&_nc_ohc=8egwwysih0cAX-RDof0&_nc_ht=scontent-iad3-1.xx&oh=ad6e3fa9c157418cb5e1d46eb80e5bec&oe=60BD204B,Yes,https://www.facebook.com/ASICSamerica/videos/207926467473960/?t=0,Yes,[],No
9,ASICSamerica_1618432870,2021-04-14,,['https://scontent-iad3-1.xx.fbcdn.net/v/t45.1600-4/cp0/q75/spS444/s480x480/172718802_6236994771240_6890889111570004531_n.jpg?_nc_cat=106&ccb=1-3&_nc_sid=67cdda&_nc_ohc=dycx9OIdHbgAX8uvyIe&_nc_ht=scontent-iad3-1.xx&tp=31&oh=ea44afa5df79b6f4dd0a04cd7aaa3945&oe=60BC7F2A'],Yes,,No,[],No
10,ASICSamerica_1618412371,2021-04-14,"By reducing our CO2 emissions and by making sustainable products in part from recycled materials, we've committed to creating a sound earth for the next generation. Learn more about our sustainability efforts, here: https://asics.tv/32rF0ZT",['https://scontent-iad3-1.xx.fbcdn.net/v/t1.6435-9/p720x720/173736641_4077295758989770_4901556936352984993_n.jpg?_nc_cat=110&ccb=1-3&_nc_sid=2d5d41&_nc_ohc=K0zjxF7-5Z0AX9PD-LB&_nc_ht=scontent-iad3-1.xx&tp=6&oh=200289d2896013fa13cc34dffa04e8fc&oe=60DDCCFB'],Yes,,No,[],No
11,ASICSamerica_1618349585,2021-04-13,"Escape the everyday in the new GEL-CUMULUS‚Ñ¢ 23 running shoe. Made for a smooth ride, a comfortable fit and a clear-headed run.",https://external-iad3-1.xx.fbcdn.net/safe_image.php?d=AQFUrXpvoLGxZKBU&w=600&h=600&url=https%3A%2F%2Fsprcdn-assets.sprinklr.com%2F1171%2Fdd925029-eadb-4a9f-a963-f8f117e82385-760476636.jpg&cfs=1&ccb=3-5&_nc_hash=AQHJglLOYhLcagxe,Yes,,No,[],No
12,ASICSamerica_1617895541,2021-04-08,per¬∑se¬∑ver¬∑ance: persistence in doing something despite difficulty or delay in achieving success.,https://scontent-iad3-1.xx.fbcdn.net/v/t15.5256-10/158835209_1805065666319659_1281549338351292275_n.jpg?_nc_cat=110&ccb=1-3&_nc_sid=f2c4d5&_nc_ohc=4LlLo_chNZkAX_LwDRb&_nc_ht=scontent-iad3-1.xx&oh=569f77f8b995b23b99034e26353ac52f&oe=60BC64B2,Yes,https://www.facebook.com/ASICSamerica/videos/1805062662986626/?t=0,Yes,[],No
13,ASICSamerica_1617808514,2021-04-07,"Boundless energy. Limitless possibilities. When the run feels easy, everything else feels doable. Discover energy-saving GUIDESOLE‚Ñ¢ technology in our EVORIDE‚Ñ¢ 2 and GLIDERIDE‚Ñ¢ 2 running shoes.",https://external-iad3-1.xx.fbcdn.net/safe_image.php?d=AQEH_ywyYjqbxh5v&w=600&h=600&url=https%3A%2F%2Fsprcdn-assets.sprinklr.com%2F1171%2Ff8146ce2-d790-4b4f-8c26-ea1ea5d63d66-832869713.jpg&cfs=1&ccb=3-5&_nc_hash=AQEwa9tGTVbJ0JL1,Yes,,No,[],No
14,ASICSamerica_1617219346,2021-03-31,"Full speed ahead. Introducing the METASPEED‚Ñ¢ SKY shoe--a change of pace for racing shoes.
Available on asics.com, 4/8.",https://scontent-iad3-1.xx.fbcdn.net/v/t15.5256-10/161112993_756736901712823_6818250530270155726_n.jpg?_nc_cat=100&ccb=1-3&_nc_sid=f2c4d5&_nc_ohc=KhrD5mCcSGsAX-4Dp4z&_nc_ht=scontent-iad3-1.xx&oh=4ec678b8f3b4083798bd0269bd3bb8e8&oe=60BBD2CB,Yes,https://www.facebook.com/ASICSamerica/videos/756735818379598/?t=0,Yes,[],No
15,ASICSamerica_1616972400,2021-03-28,Get ready to race to the top in our brand-new collection created to help you go faster‚Äîno matter how you run.,https://scontent-iad3-1.xx.fbcdn.net/v/t15.5256-10/159853074_1504617346596474_5678903924260867572_n.jpg?_nc_cat=104&ccb=1-3&_nc_sid=f2c4d5&_nc_ohc=1NEaut9Wh9MAX_j8oOu&_nc_ht=scontent-iad3-1.xx&oh=b767d2f9c80ee8dcec72193f93e4b346&oe=60BCF83B,Yes,https://www.facebook.com/ASICSamerica/videos/1504615379930004/?t=3,Yes,[],No
16,ASICSamerica_1616077988,2021-03-18,Repurposing textile waste to create new styles‚Äîand a sustainable earth. The limited-edition METARIDE‚Ñ¢ running shoe and GEL-QUANTUM 360‚Ñ¢ sneaker are made for you and the planet.,https://external-iad3-1.xx.fbcdn.net/safe_image.php?d=AQGu5kwwsWXyUFWC&w=600&h=600&url=https%3A%2F%2Fsprcdn-assets.sprinklr.com%2F1171%2Fa4ace62b-a417-45a6-86f6-38438c3f3a15-987465527%2FSS21_Sunrise_Reborn_Pack_Organ.jpg&cfs=1&ccb=3-5&_nc_hash=AQHppXTtn4Gm65xb,Yes,,No,[],No
17,ASICSamerica_1615928730,2021-03-16,"""As an athlete my mind and body have to be on the same page to create fluidity. A sound mind is going to create a sound body, a sound body is going to create a sound mind."" - Demek Kemp, ASICS Elite Athlete",https://scontent-iad3-1.xx.fbcdn.net/v/t15.5256-10/157284197_1114520275655423_8920400202509065006_n.jpg?_nc_cat=107&ccb=1-3&_nc_sid=f2c4d5&_nc_ohc=Q6A3t3Cun1EAX8YHO7K&_nc_ht=scontent-iad3-1.xx&oh=4208040bc1ad8641ce53f086f243dca1&oe=60BD1DF4,Yes,https://www.facebook.com/ASICSamerica/videos/1114461738994610/?t=0,Yes,[],No
18,ASICSamerica_1615557603,2021-03-12,All eyes on our new racing shoes that are dropping very soon. Running faster is going to get easier. Stay tuned. üëÄ,['https://scontent-iad3-1.xx.fbcdn.net/v/t1.6435-0/p180x540/159870993_3977618842290796_6818200084543215139_n.jpg?_nc_cat=108&ccb=1-3&_nc_sid=2d5d41&_nc_ohc=-XaoGgbInSgAX-ZTEGK&_nc_ht=scontent-iad3-1.xx&tp=6&oh=eb4c0a72c32f3d7c4890b3ac784de444&oe=60DE23A2'],Yes,,No,[],No
19,ASICSamerica_1615311092,2021-03-09,"Meet our Sakura Collection‚Äì footwear & apparel designed for athletes, culture creators, trendsetters & everything in-between. üå∏ https://asics.tv/30r6zRN",https://external-iad3-1.xx.fbcdn.net/safe_image.php?d=AQFmDB6e6sP72ol2&w=600&h=600&url=https%3A%2F%2Fsprcdn-assets.sprinklr.com%2F1171%2F55fdc8fa-b402-437a-bac8-9576632b67f3-201492638%2Fresized-preview.jpg&cfs=1&ccb=3-5&_nc_hash=AQFoXwrHoWF2VS3c,Yes,,No,[],No
20,ASICSamerica_1615215353,2021-03-08,"üåü International Women‚Äôs Day üåü
We're spending the day celebrating the women in our lives who inspire us every day.
Tag a woman/women in your life that you want to celebrate in the comments below. ‚¨áÔ∏è",['https://scontent-iad3-1.xx.fbcdn.net/v/t1.6435-9/p720x720/158199189_3966922683360412_1163295515030461476_n.jpg?_nc_cat=107&ccb=1-3&_nc_sid=2d5d41&_nc_ohc=KBczAwbsU1AAX_H7MYf&_nc_ht=scontent-iad3-1.xx&tp=6&oh=e55e18f142e6c448be47ba3d71b0aba1&oe=60DC6774'],Yes,,No,[],No
21,ASICSamerica_1614862802,2021-03-04,"""Just run. Block out everything & attack each barrier one hurdle at a time."" - Payton Chadwick, ASICS Elite Athlete",https://scontent-iad3-1.xx.fbcdn.net/v/t15.5256-10/150075143_886709128780377_2073975875526495771_n.jpg?_nc_cat=104&ccb=1-3&_nc_sid=f2c4d5&_nc_ohc=CPQ5e9i9FUEAX84LinE&_nc_ht=scontent-iad3-1.xx&oh=592dffaa975abf31c0fd3d2c1e98ec2e&oe=60BC0756,Yes,https://www.facebook.com/ASICSamerica/videos/886708555447101/?t=0,Yes,[],No
22,ASICSamerica_1614556800,2021-02-28,"‚ÄúEverybody goes through adversity, everybody goes through challenges, everybody goes through hardships, but what do you do about it?‚Äù - Kiara Parker, ASICS Elite Athlete",https://scontent-iad3-1.xx.fbcdn.net/v/t15.5256-10/151028181_243216790866433_8623839997694231177_n.jpg?_nc_cat=102&ccb=1-3&_nc_sid=f2c4d5&_nc_ohc=R3W1ZAQHC_YAX_mMFKa&_nc_ht=scontent-iad3-1.xx&oh=f64688d4450b008728324f12b054a527&oe=60BCA0A6,Yes,https://www.facebook.com/ASICSamerica/videos/243215880866524/?t=0,Yes,[],No
23,ASICSamerica_1614434411,2021-02-27,Happy 10th Anniversary to our GT-1000‚Ñ¢ sneaker. üíô,https://external-iad3-1.xx.fbcdn.net/safe_image.php?d=AQEe8TFEP1QXF-Pa&w=600&h=600&url=https%3A%2F%2Fsprcdn-assets.sprinklr.com%2F1171%2F6200aa62-c888-47d5-b3da-dfd96d7767aa-201498342%2Fresized-preview.png&cfs=1&ccb=3-5&_nc_hash=AQFsDFcO0JKQ3La9,Yes,,No,[],No
24,ASICSamerica_1612892426,2021-02-09,How much faster will you go? The updated EVORIDE‚Ñ¢ 2 shoe is more lightweight than before for runs that feel effortless. https://asics.tv/3tGdjIY,['https://scontent-iad3-1.xx.fbcdn.net/v/t1.6435-0/p180x540/148862152_3890423927676955_5007074482228746981_n.jpg?_nc_cat=111&ccb=1-3&_nc_sid=2d5d41&_nc_ohc=Eyq2YIq9YvkAX841sT1&_nc_ht=scontent-iad3-1.xx&tp=6&oh=588064f6c267fe2767d8103db0f637f5&oe=60DE7E30'],Yes,,No,"['https://www.facebook.com/commerce/products/3609843079050756/', 'https://www.facebook.com/commerce/products/4103285646381616/']",Yes
25,ASICSamerica_1611095692,2021-01-19,,https://scontent-iad3-1.xx.fbcdn.net/v/t1.6435-9/139724861_3834520043267344_367922703293764548_n.jpg?_nc_cat=110&ccb=1-3&_nc_sid=85a577&_nc_ohc=OxWxFAZMMmQAX8NaON6&_nc_ht=scontent-iad3-1.xx&oh=3dd271fa7ca26370a6676caac647737e&oe=60DD7F4B,Yes,,No,[],No
26,ASICSamerica_1610552533,2021-01-13,"Over 70 years ago in 1940s Japan, Kihachiro Onitsuka founded ASICS with the belief that sport has the power to bring hope and lift spirits. This is what guides us.
Fast forward to 2021, our founding Sound Mind, Sound Body‚Ñ¢ philosophy is perhaps more relevant than ever before, which is why we are returning to our roots, and making a Sound Mind, Sound Body‚Ñ¢ lifestyle the core of everything we do.
Our ask of you is simple. We encourage you to get out and move your mind and body. Whether a walk, run, or workout, we look forward to supporting your moves sunrise to sunset. https://asics.tv/2LsKkqR",['https://scontent-iad3-1.xx.fbcdn.net/v/t1.6435-9/p720x720/138805949_3817858231600192_1253386898228412135_n.jpg?_nc_cat=103&ccb=1-3&_nc_sid=8024bb&_nc_ohc=o0ilVnQhRV4AX_iWjye&_nc_ht=scontent-iad3-1.xx&tp=6&oh=b4d8957d880b7774d88bcdb3c57a6b23&oe=60DBB3C3'],Yes,,No,[],No
27,ASICSamerica_1610547525,2021-01-13,"Sound Mind, Sound Body‚Ñ¢. https://asics.tv/2LsKkqR",['https://scontent-iad3-1.xx.fbcdn.net/v/t1.6435-9/139031073_3817427374976611_7957361971700792349_n.jpg?_nc_cat=104&ccb=1-3&_nc_sid=dd9801&_nc_ohc=pBmvjc2M7q0AX-eqyAf&_nc_ht=scontent-iad3-1.xx&oh=b8c4f8679992a32c6f324827f549b387&oe=60DDF196'],Yes,,No,[],No
28,ASICSamerica_1609609761,2021-01-02,"On New Year's Day we welcomed a new bundle of joy to the family.
We‚Äôd like to introduce you to our GEL-NIMBUS Lite 2 sneaker ‚Äì the lighter, FLYTEFOAM¬Æ tech filled, younger brother of our GEL-NIMBUS¬Æ shoe. https://asics.tv/3oaSDpj",['https://scontent-iad3-1.xx.fbcdn.net/v/t1.6435-9/p720x720/134706478_3789445777774771_124474735554571104_n.jpg?_nc_cat=105&ccb=1-3&_nc_sid=8024bb&_nc_ohc=7mguFn8GQMQAX_GZBZg&_nc_ht=scontent-iad3-1.xx&tp=6&oh=8853df1a2669e6978b537e872e80ec14&oe=60DBDCA5'],Yes,,No,[],No
29,ASICSamerica_1609510379,2021-01-01,"Cheers to more miles, faster speeds, and more races in 2021. Happy New Year!ü•Ç",['https://scontent-iad3-1.xx.fbcdn.net/v/t1.6435-9/134428492_3786633324722683_1187634312335760472_n.jpg?_nc_cat=102&ccb=1-3&_nc_sid=110474&_nc_ohc=7iCoAJaTGksAX9Z7sKX&_nc_ht=scontent-iad3-1.xx&oh=3e618d6de708f3a682034bef4537c4e2&oe=60DBE8ED'],Yes,,No,[],No
30,ASICSamerica_1607484257,2020-12-08,,['https://scontent-iad3-1.xx.fbcdn.net/v/t1.6435-0/c80.0.687.360a/s526x296/139031073_3817427374976611_7957361971700792349_n.jpg?_nc_cat=104&ccb=1-3&_nc_sid=dd9801&_nc_ohc=pBmvjc2M7q0AX-eqyAf&_nc_ht=scontent-iad3-1.xx&tp=28&oh=4452777a57209c17e725254814c4832f&oe=60DD7204'],Yes,,No,[],No
31,ASICSamerica_1606945598,2020-12-02,"Your routine might look different lately, but one thing is constant: your drive to run. The GEL-NIMBUS¬Æ 23 shoe is designed to support you mile after mile.",https://external-iad3-1.xx.fbcdn.net/safe_image.php?d=AQFk7g9ndTUyOcjh&w=600&h=600&url=https%3A%2F%2Fsprcdn-assets.sprinklr.com%2F1171%2F2bc6e048-ffc6-4110-8063-981a1344c62f-515195010.jpg&cfs=1&ccb=3-5&_nc_hash=AQHTkjyVOC2lwYOS,Yes,,No,[],No
32,ASICSamerica_1606588550,2020-11-28,"Today, we fondly remember Tony. We send our love and thoughts to his family, friends and the entire Zappos.com team. Thank you for teaching us the meaning of ‚Äúdelivering happiness‚Äù - you will be missed by so many. üíô",['https://scontent-iad3-1.xx.fbcdn.net/v/t1.6435-9/128365113_10157409049222687_6551898019820429315_n.jpg?_nc_cat=107&ccb=1-3&_nc_sid=8024bb&_nc_ohc=pBxLX4S72QUAX_5ky0Y&_nc_ht=scontent-iad3-1.xx&oh=f2a73f763d974381606968c391f8d998&oe=60DCE106'],Yes,,No,[],No
33,ASICSamerica_1606485609,2020-11-27,"With added support for women‚Äôs arches, the GEL-NIMBUS¬Æ 23 shoe is made to keep you running strong.",https://external-iad3-1.xx.fbcdn.net/safe_image.php?d=AQGMp3XIXwernG2L&w=600&h=600&url=https%3A%2F%2Fsprcdn-assets.sprinklr.com%2F1171%2Fbb256716-4646-418c-a217-d9d61268db97-131953141.jpg&cfs=1&ccb=3-5&_nc_hash=AQF36ZbXcEx_eKhm,Yes,,No,[],No
34,ASICSamerica_1606238198,2020-11-24,"Congrats, runners! The 2020 ASICS World Ekiden is complete, and the afterparty is wherever you are. Celebrate this marathon achievement together by checking out our global leaderboard, race day highlights and global stats: https://asics.tv/2J6dyuj",['https://scontent-iad3-1.xx.fbcdn.net/v/t1.6435-0/p180x540/127602913_3686071718112178_5711065938004420442_n.jpg?_nc_cat=108&ccb=1-3&_nc_sid=2d5d41&_nc_ohc=AYopFNW-InwAX-6eEIZ&_nc_ht=scontent-iad3-1.xx&tp=6&oh=e5f1e76d0dea0a313ec640f5b06d4e0d&oe=60DD1FAF'],Yes,,No,[],No
35,ASICSamerica_1605105730,2020-11-11,The 2020 ASICS World Ekiden has begun! Follow the leaderboard to see who is leading the pack: https://bit.ly/3n862xs,['https://scontent-iad3-1.xx.fbcdn.net/v/t1.6435-0/p180x540/124832411_3649822308403786_4262063425142169185_n.jpg?_nc_cat=101&ccb=1-3&_nc_sid=2d5d41&_nc_ohc=rygYm12ZlBsAX-crLOD&_nc_ht=scontent-iad3-1.xx&tp=6&oh=669a44b5b3120412a97ba1dae7bbdecb&oe=60DCBA74'],Yes,,No,[],No
36,ASICSamerica_1603464402,2020-10-23,Looks good. Feels better. Cross the ASICS World Ekiden finish line in a pair of some of our favorite sneakers. ‚¨áÔ∏è ‚¨áÔ∏è,https://external-iad3-1.xx.fbcdn.net/safe_image.php?d=AQH_et8dHoAC68O_&w=600&h=600&url=https%3A%2F%2Fsprcdn-assets.sprinklr.com%2F1171%2F7a36b633-221e-4bb2-985d-7df7d5f9dbc2-576095961.jpg&cfs=1&ccb=3-5&_nc_hash=AQFbtraENhiOc0Ec,Yes,,No,[],No
37,ASICSamerica_1601663530,2020-10-02,"Runners, get ready. In the Japanese Ekiden, rival teams go head to head to run a marathon-distance relay‚Äîand now, you can too!
Start a team and get excited for the virtual 2020 ASICS World Ekiden. Registration is free: https://asics.tv/33nWUxA",['https://scontent-iad3-1.xx.fbcdn.net/v/t1.6435-0/p180x540/120299914_3535745176478167_1971175715489227234_n.jpg?_nc_cat=109&ccb=1-3&_nc_sid=2d5d41&_nc_ohc=8Oj9yV912WkAX9Ty_d-&_nc_ht=scontent-iad3-1.xx&tp=6&oh=9447f182cd10fc55509412f954bece95&oe=60DC7F3F'],Yes,,No,[],No
38,ASICSamerica_1601553603,2020-10-01,"On your mark, teams: The ASICS World Ekiden 2020 is here! Discover a virtual relay race unlike any other. Click here to learn more: https://asics.tv/34bdz6V",['https://scontent-iad3-1.xx.fbcdn.net/v/t1.6435-0/p180x540/120590996_3531478910238127_7940788343067924813_n.jpg?_nc_cat=101&ccb=1-3&_nc_sid=2d5d41&_nc_ohc=i1Uf2VNfj6oAX90kEZN&_nc_ht=scontent-iad3-1.xx&tp=6&oh=036863ef89d43e4b127d0c38fc16b49f&oe=60DDEE6E'],Yes,,No,[],No
39,ASICSamerica_1599657112,2020-09-09,For empowered women everywhere - the latest drop of THE NEW STRONG‚Ñ¢ collection is here.,https://external-iad3-1.xx.fbcdn.net/safe_image.php?d=AQFcRD2Jrb7SDa8B&w=600&h=600&url=https%3A%2F%2Fsprcdn-assets.sprinklr.com%2F1171%2F6c83fcd3-c7ac-4081-a3a7-285515b91f85-1418841165.jpg&cfs=1&ccb=3-5&_nc_hash=AQGOziyCqxKOFfca,Yes,,No,[],No
40,ASICSamerica_1599224770,2020-09-04,üíô üíô üíô #WaitForTheGreats,https://scontent-iad3-1.xx.fbcdn.net/v/t15.5256-10/118478282_1201518333580850_4258726015980413343_n.jpg?_nc_cat=107&ccb=1-3&_nc_sid=f2c4d5&_nc_ohc=s-exJqEy5WoAX8CRq0Q&_nc_ht=scontent-iad3-1.xx&oh=aa3666a8c0477f613e5fa50fba0ee2c7&oe=60BD3788,Yes,,No,[],No
41,ASICSamerica_1598907604,2020-08-31,"Inspired by trampolines, with bounce in every step. Meet the new DYNABLAST‚Ñ¢ running shoe.",https://external-iad3-1.xx.fbcdn.net/safe_image.php?d=AQHst-j0jckuX1jS&w=600&h=600&url=https%3A%2F%2Fsprcdn-assets.sprinklr.com%2F1171%2Fd75c18cb-66e4-465f-8bd3-6fc65af38424-389983134%2FAW20_Dynablast_Male_Benefit_Or.jpg&cfs=1&ccb=3-5&_nc_hash=AQGMZpdX4DGTvV00,Yes,,No,[],No
42,ASICSamerica_1597237206,2020-08-12,"The ASICS x Reigning Champ Paris Edition collection is here and ready to bring you timeless (and comfortable) gear, from run - > recovery. Shop now: https://asics.tv/3kCZTJd",https://external-iad3-1.xx.fbcdn.net/safe_image.php?w=600&h=600&url=https%3A%2F%2Fsprcdn-assets.sprinklr.com%2F1171%2F0bb0e202-abc1-4b8c-925e-d08c17c81b9f-201492638%2Fresized-preview.jpg&cfs=1&ccb=3-5&_nc_hash=AQGchIy6UgxfICWK,Yes,,No,[],No
43,ASICSamerica_1596286801,2020-08-01,"Feel faster. Introducing our next-level racing shoe, METARACER‚Ñ¢. Shop now: https://asics.tv/3k16nkH",['https://scontent-iad3-1.xx.fbcdn.net/v/t1.6435-9/117160133_3345914098794610_5430623653517494657_n.jpg?_nc_cat=100&ccb=1-3&_nc_sid=2d5d41&_nc_ohc=0YhDpFInKK8AX-cI840&_nc_ht=scontent-iad3-1.xx&oh=220d5564c8bd29c1bbd3367920976193&oe=60DBC0DF'],Yes,,No,[],No
44,ASICSamerica_1596028057,2020-07-29,"Get a first look at the ASICS RUNNERS FACE COVER. Designed by the ASICS Institute of Sport Science, its unique curved design enhances breathability, comfort and performance for runners. Coming soon! https://asics.tv/3jN7wwi",['https://scontent-iad3-1.xx.fbcdn.net/v/t1.6435-9/116526250_3337179776334709_903518268700468289_n.jpg?_nc_cat=105&ccb=1-3&_nc_sid=8024bb&_nc_ohc=B_-aiBr7JNYAX-A4nZJ&_nc_ht=scontent-iad3-1.xx&oh=0913a93f17ac67875e9f53ba3c6e49e6&oe=60DF1035'],Yes,,No,[],No
45,ASICSamerica_1595772018,2020-07-26,Lace up the GEL-KAYANO¬Æ 27 sneaker and run with a smile on. Shop now: https://asics.tv/39r0c4F,https://scontent-iad3-1.xx.fbcdn.net/v/t15.5256-10/116382211_1038696779900729_5219249316874201718_n.jpg?_nc_cat=103&ccb=1-3&_nc_sid=f2c4d5&_nc_ohc=g-uTguf7DIQAX_Hl5Lz&_nc_ht=scontent-iad3-1.xx&oh=4189ec90e2937e531ff3d015d7314bdb&oe=60BCE16D,Yes,https://www.facebook.com/ASICSamerica/videos/1038696483234092/?t=0,Yes,[],No
46,ASICSamerica_1594240595,2020-07-08,"COVID-19 Shipping Delays:
The effects of COVID-19 continue to disrupt businesses across the country, and while our online store and distribution center remain operational, unfortunately, customers are experiencing significant delays due to carrier adjustments and modified hours for the safety of our team.
We recognize that people are seeking information about their delayed orders and this has resulted in a high volume of inquiries to our customer service team. The team has ...
See More",https://scontent-iad3-1.xx.fbcdn.net/v/t1.6435-1/cp0/p64x64/144158291_2884648161857340_4352249679578380325_n.jpg?_nc_cat=102&ccb=1-3&_nc_sid=7206a8&_nc_ohc=Cg37v9yfzCYAX_VjHs7&_nc_ht=scontent-iad3-1.xx&tp=27&oh=c2019554c420b03857fb5b06d605be5c&oe=60DBD841,Yes,,No,[],No
47,ASICSamerica_1592953378,2020-06-23,Who's in?! ‚¨áÔ∏è ‚¨áÔ∏è ‚¨áÔ∏è,https://scontent-iad3-1.xx.fbcdn.net/v/t15.13418-10/73505026_299861791184690_455510526556806748_n.jpg?_nc_cat=109&ccb=1-3&_nc_sid=f2c4d5&_nc_ohc=BFYBOlRfUdMAX9RVUpQ&_nc_ht=scontent-iad3-1.xx&oh=0709fb1d857023c28674c4b30d611509&oe=60BD692C,Yes,https://www.facebook.com/bintherun/videos/272718750737767/?t=0,Yes,[],No
48,ASICSamerica_1592507131,2020-06-18,Our commitment to driving change inside ASICS and in the communities we serve.,"['https://scontent-iad3-1.xx.fbcdn.net/v/t1.6435-0/p526x296/104624091_3218342064885148_5980913796396701846_n.jpg?_nc_cat=103&ccb=1-3&_nc_sid=8024bb&_nc_ohc=rWQnu80eQnoAX_x0Tn5&_nc_ht=scontent-iad3-1.xx&tp=6&oh=b489852da6b0e40db9dece2ec2ccb94b&oe=60DD8372', 'https://scontent-iad3-1.xx.fbcdn.net/v/t1.6435-0/p526x296/104771812_3218342391551782_8424179690267289380_n.jpg?_nc_cat=106&ccb=1-3&_nc_sid=8024bb&_nc_ohc=t-KnB6gk6rkAX9cGz3q&_nc_ht=scontent-iad3-1.xx&tp=6&oh=b2daad2af4b941e314d7c704db5421e4&oe=60DEC460', 'https://scontent-iad3-1.xx.fbcdn.net/v/t1.6435-0/p526x296/103965371_3218342668218421_299877062308148823_n.jpg?_nc_cat=103&ccb=1-3&_nc_sid=8024bb&_nc_ohc=sttXDtAHYHEAX-pIkYR&_nc_ht=scontent-iad3-1.xx&tp=6&oh=3c6939983eb2e0889a38aec65b452b00&oe=60DCF008', 'https://scontent-iad3-1.xx.fbcdn.net/v/t1.6435-0/p526x296/103997049_3218342914885063_608349550444363273_n.jpg?_nc_cat=101&ccb=1-3&_nc_sid=8024bb&_nc_ohc=NHa_8fZuVxIAX80PvLX&_nc_ht=scontent-iad3-1.xx&tp=6&oh=d95f3750fd724b299aa33bf293bc9eae&oe=60DBF42B']",Yes,,No,[],No
49,ASICSamerica_1591059480,2020-06-01,"Today, we start by having important conversations, striving to make a change, and simply being better.","['https://scontent-iad3-1.xx.fbcdn.net/v/t1.6435-0/p235x350/101568441_3171874709531884_3876813295855861760_n.jpg?_nc_cat=101&ccb=1-3&_nc_sid=8024bb&_nc_ohc=N40L64qPZB8AX-EQlCZ&_nc_ht=scontent-iad3-1.xx&tp=6&oh=2fae4632bedcc1017ac66db72e19554a&oe=60DD6ED5', 'https://scontent-iad3-1.xx.fbcdn.net/v/t1.6435-0/p235x350/101824417_3171875012865187_6177626816761561088_n.jpg?_nc_cat=107&ccb=1-3&_nc_sid=8024bb&_nc_ohc=eGbG8Rk-qOYAX_wBNLB&_nc_ht=scontent-iad3-1.xx&tp=6&oh=62f70918e7afbdd7275a1e2d7e330d2e&oe=60DCC878', 'https://scontent-iad3-1.xx.fbcdn.net/v/t1.6435-0/p235x350/82344871_3171875336198488_5988534950205325312_n.jpg?_nc_cat=100&ccb=1-3&_nc_sid=8024bb&_nc_ohc=uAuPzhWvVxkAX_YFDPh&_nc_ht=scontent-iad3-1.xx&tp=6&oh=37705ed81cc7b29a4965a135ae3d8b3d&oe=60DE64AA']",Yes,,No,[],No
50,ASICSamerica_1588776730,2020-05-06,"It‚Äôs National Nurses Week and we could not be more grateful for all of the nurses and medical professionals working around the clock to fight our current pandemic.
We are here to support them in every brave step, through our medical professional discount program (which you can learn more about by clicking the link below).
Thank you, thank you, to everyone on the frontlines who are keeping us safe, everyday. üíô https://asics.tv/2W9Qe2x","['https://scontent-iad3-1.xx.fbcdn.net/v/t1.6435-9/96099776_3103069573079065_4973985450650763264_n.jpg?_nc_cat=101&ccb=1-3&_nc_sid=8024bb&_nc_ohc=hejciGNEeMwAX9b6e19&_nc_ht=scontent-iad3-1.xx&oh=ac4f4bb5b2a60e0a6aa5b0f33fb2b78f&oe=60DC3BB9', 'https://scontent-iad3-1.xx.fbcdn.net/v/t1.6435-9/95837050_3103069936412362_4333240428179488768_n.jpg?_nc_cat=101&ccb=1-3&_nc_sid=8024bb&_nc_ohc=-YhhvdW70-QAX_VPbbb&_nc_ht=scontent-iad3-1.xx&oh=bd880b7b0afbf1f427924c566e15191c&oe=60DEAE8E']",Yes,,No,[],No
51,ASICSamerica_1588688619,2020-05-05,"Running Medicine: A Weekly Look Inside Our New World with Dr. Jordan Metzl & ASICS. Hosted on Zoom, Tuesday's at 7:30pm EST.
This week's webinar will focus on the ""New Future of Running"" and the growth of the virtual running community.
Join us by registering here: https://bit.ly/3cbxpBK",['https://scontent-iad3-1.xx.fbcdn.net/v/t1.6435-9/s1080x2048/96047627_3763947676980041_451207952490037248_n.jpg?_nc_cat=102&ccb=1-3&_nc_sid=b386c4&_nc_ohc=7SstxKy8yFwAX-JzOxE&_nc_ht=scontent-iad3-1.xx&tp=7&oh=5f875f9209bd9ab7ab21d1326cf7685c&oe=60DED035'],Yes,,No,[],No
52,ASICSamerica_1588623331,2020-05-04,Your favorite running styles now made from recycled materials. Run sustainably. https://asics.tv/35tycLS,https://scontent-iad3-1.xx.fbcdn.net/v/t15.5256-10/95147083_170414397617274_4441072312359321600_n.jpg?_nc_cat=100&ccb=1-3&_nc_sid=f2c4d5&_nc_ohc=7KHrCeh0HNgAX8S8Zs3&_nc_ht=scontent-iad3-1.xx&oh=2f8fb9fba7408578d477fdd414393622&oe=60BC4352,Yes,https://www.facebook.com/ASICSamerica/videos/170414234283957/?t=0,Yes,[],No
53,ASICSamerica_1588362403,2020-05-01,Your favorite running styles now made from recycled materials. Run sustainably. https://asics.tv/3dcMxPz,https://scontent-iad3-1.xx.fbcdn.net/v/t1.6435-1/cp0/p64x64/119460678_3395594850479870_4531585823166722121_n.jpg?_nc_cat=100&ccb=1-3&_nc_sid=7206a8&_nc_ohc=2nUqM7hSQMUAX-SNCNt&_nc_oc=AQkO39dR3oC0_N58xhMQEE6t3WJhvpropLWC2KysBw1mtW6ymFOExstydhCM1dmkMNA&_nc_ht=scontent-iad3-1.xx&tp=27&oh=f5b2ba3ece5696038a064f39e3fb516a&oe=60DE43AC,Yes,,No,[],No
54,ASICSamerica_1588091306,2020-04-28,This is what home workouts really look like when you have a dog...who can relate?,['https://scontent-iad3-1.xx.fbcdn.net/v/t1.6435-9/s1080x2048/94639735_3083698015016221_450704049747001344_n.jpg?_nc_cat=101&ccb=1-3&_nc_sid=8024bb&_nc_ohc=uYbFM9ojCfEAX8tsZss&_nc_ht=scontent-iad3-1.xx&tp=7&oh=ce0258cd4a303ae9109f66cf50813637&oe=60DF0E92'],Yes,,No,[],No
55,ASICSamerica_1586973131,2020-04-15,"Let‚Äôs come together as a global community and keep moving together. Join the #MakeTimeForMovement Challenge in the ASICS Runkeeper app for motivation to run, walk, bike or hike three times a week. Learn more: https://bit.ly/34DOalY",['https://scontent-iad3-1.xx.fbcdn.net/v/t1.6435-9/93276923_3052513961467960_7789104834052882432_n.jpg?_nc_cat=108&ccb=1-3&_nc_sid=2d5d41&_nc_ohc=SoGINjFNRzYAX9pL2Lc&_nc_ht=scontent-iad3-1.xx&oh=8cb92f0885c2f886896735dbbc62049c&oe=60DBF6E1'],Yes,,No,[],No
56,ASICSamerica_1586878278,2020-04-14,"Running Medicine: A Weekly Look Inside Our New World with Dr. Jordan Metzl & ASICS. Hosted on Zoom, every Tuesday at 7pm EST.
This week's webinar will focus on caring for your runner‚Äôs body in quarantine.
Join us by registering here: https://bit.ly/3caaaaS",['https://scontent-iad3-1.xx.fbcdn.net/v/t1.6435-9/s1080x2048/92127845_3661270027247807_6195237746043256832_n.jpg?_nc_cat=105&ccb=1-3&_nc_sid=b386c4&_nc_ohc=IxXEoQAElesAX9ZqezI&_nc_ht=scontent-iad3-1.xx&tp=7&oh=b52d4c975fc3e42e700485ce9af7a43e&oe=60DCBA68'],Yes,,No,[],No
57,ASICSamerica_1586359266,2020-04-08,"Comfortable meets durable. Introducing the lightweight, reliable GEL-CUMULUS¬Æ 22 shoe. https://asics.tv/3aSc53u",['https://scontent-iad3-1.xx.fbcdn.net/v/t1.6435-9/92212848_3036106586442031_5301321280694255616_n.jpg?_nc_cat=104&ccb=1-3&_nc_sid=2d5d41&_nc_ohc=eNxvKbPj_xYAX9pjnnJ&_nc_ht=scontent-iad3-1.xx&oh=98299d230c335bffebbbe8c63b44c21c&oe=60DC04F7'],Yes,,No,[],No
58,ASICSamerica_1586187613,2020-04-06,"Running Medicine: A Weekly Look Inside Our New World with Dr. Jordan Metzl & ASICS. Hosted on Zoom, every Tuesday at 7pm EST.
This week's webinar will focus on the psychology of perseverance and motivation.
Join us by registering here: https://bit.ly/2xWSK2o",['https://scontent-iad3-1.xx.fbcdn.net/v/t1.6435-9/s1080x2048/92549391_3646890955352381_377519275901976576_n.jpg?_nc_cat=108&ccb=1-3&_nc_sid=b386c4&_nc_ohc=2dTzBJK8WM0AX9c5kTN&_nc_ht=scontent-iad3-1.xx&tp=7&oh=8104e9254e269bf509a1f3f41755ed61&oe=60DEAFD2'],Yes,,No,[],No
59,ASICSamerica_1585508470,2020-03-29,"Running Medicine: A Weekly Look Inside Our New World with Dr. Jordan Metzl. Hosted on Zoom, every Tuesday at 7pm EST.
Click here to register for this week's discussion on running advice during our new normal: https://bit.ly/2WTAbXA",['https://scontent-iad3-1.xx.fbcdn.net/v/t1.6435-9/91112543_3623595994348544_2336803646039130112_n.jpg?_nc_cat=101&ccb=1-3&_nc_sid=110474&_nc_ohc=u8QRH4Ic5NkAX8zAeBo&_nc_ht=scontent-iad3-1.xx&oh=ab20c74c3e6bdb3256a549e4445a760f&oe=60DD7A1D'],Yes,,No,[],No
60,ASICSamerica_1585236404,2020-03-26,Spring towards warmer weather. üå∑ üå∑ Shop the floral inspired Sakura collection now: https://asics.tv/3ducuLe,['https://scontent-iad3-1.xx.fbcdn.net/v/t1.6435-9/p720x720/90815006_3007384062647617_7878392496852566016_n.jpg?_nc_cat=101&ccb=1-3&_nc_sid=2d5d41&_nc_ohc=W1E3MyaHDPIAX_CCy6W&_nc_ht=scontent-iad3-1.xx&tp=6&oh=6ac3cda0ceab2555a57810a6c375fde1&oe=60DC94E3'],Yes,,No,[],No
61,ASICSamerica_1584632784,2020-03-19,Turning the corner into Spring and not looking back. Happy First Day of Spring!,['https://scontent-iad3-1.xx.fbcdn.net/v/t1.6435-9/p720x720/90145312_2991623337557023_8171172158198775808_n.jpg?_nc_cat=107&ccb=1-3&_nc_sid=8024bb&_nc_ohc=g5oqyzy_8zEAX9eIol7&_nc_ht=scontent-iad3-1.xx&tp=6&oh=1c559fcde77ec7ac168fc6c785c7436c&oe=60DF23C1'],Yes,,No,[],No
62,ASICSamerica_1584550847,2020-03-18,"We are focused on protecting our employees, our families and our customers. With this in mind, we have made the decision to temporarily close ASICS retail locations in the US and Canada until further notice. During this time, asics.com will remain open and fully operational. We encourage everyone to find the time to take care of yourself and those around you, and to keep moving.",['https://scontent-iad3-1.xx.fbcdn.net/v/t1.6435-9/s1080x2048/89993516_2989545931098097_910000636836184064_n.jpg?_nc_cat=107&ccb=1-3&_nc_sid=8024bb&_nc_ohc=xVumsaGn4OkAX-NIwOz&_nc_ht=scontent-iad3-1.xx&tp=7&oh=70fbf7c566721f0e4f0e9cea56640126&oe=60DB4CD5'],Yes,,No,[],No
63,ASICSamerica_1584022962,2020-03-12,Your spring wardrobe has arrived. üå∑,https://external-iad3-1.xx.fbcdn.net/safe_image.php?d=AQEAzL-79_umy6GW&w=600&h=600&url=https%3A%2F%2Fsprcdn-assets.sprinklr.com%2F1171%2F7d60ccc3-9428-4983-aa05-0c48df9b2a26-495947351.jpg&cfs=1&ccb=3-5&_nc_hash=AQEwTaPYS3nJhKmz,Yes,,No,[],No
64,ASICSamerica_1583424013,2020-03-05,"Just in time for the Los Angeles Marathon, our limited edition GT-1000‚Ñ¢ celebrates LA, its vibrant colors and history.",https://scontent-iad3-1.xx.fbcdn.net/v/t45.1600-4/cp0/q75/spS444/c0.150.600.600a/p600x600/89210667_23844515830070057_3298490804078641152_n.jpg?_nc_cat=109&ccb=1-3&_nc_sid=67cdda&_nc_ohc=NclnYUMgrQQAX_srsMd&_nc_ht=scontent-iad3-1.xx&tp=31&oh=442f7e612daab50356f7e9bb003d8bbb&oe=60BBFC54,Yes,,No,[],No
65,ASICSamerica_1583160287,2020-03-02,"Lighter, faster, bouncier. Our NOVABLAST‚Ñ¢ shoe is here. https://asics.tv/3clnt9b",https://scontent-iad3-1.xx.fbcdn.net/v/t15.5256-10/83905681_483794919194389_6651204921729220608_n.jpg?_nc_cat=105&ccb=1-3&_nc_sid=f2c4d5&_nc_ohc=K_CYQG-RGdoAX9H01mp&_nc_ht=scontent-iad3-1.xx&oh=8e9bff3d13c9884fbe3383034c773157&oe=60BBDD3F,Yes,https://www.facebook.com/ASICSamerica/videos/483794722527742/?t=0,Yes,[],No
66,ASICSamerica_1582745794,2020-02-26,"All eyes are on the big prize. See you soon, Atlanta.","['https://scontent-iad3-1.xx.fbcdn.net/v/t1.6435-9/p720x720/87369238_2944620288923995_4828522707995852800_n.jpg?_nc_cat=111&ccb=1-3&_nc_sid=8024bb&_nc_ohc=4qRSzWnysL8AX_8DU7c&_nc_ht=scontent-iad3-1.xx&tp=6&oh=1c7330e05942dee6d0163c7f54c5d16f&oe=60DCE1BB', 'https://scontent-iad3-1.xx.fbcdn.net/v/t1.6435-0/p235x350/87954082_2944620212257336_3038822729244475392_n.jpg?_nc_cat=110&ccb=1-3&_nc_sid=8024bb&_nc_ohc=VGjF-Sridb4AX-kq9JE&_nc_ht=scontent-iad3-1.xx&tp=6&oh=e7c1813f699c0af959f5bef4a33c349c&oe=60DB6B9F', 'https://scontent-iad3-1.xx.fbcdn.net/v/t1.6435-0/p235x350/88000819_2944620228924001_7411478033644650496_n.jpg?_nc_cat=101&ccb=1-3&_nc_sid=8024bb&_nc_ohc=BQ9sditcUWEAX8gbz9G&_nc_ht=scontent-iad3-1.xx&tp=6&oh=fb8d12efbc382334d6041117f4377ab7&oe=60DB4259', 'https://scontent-iad3-1.xx.fbcdn.net/v/t1.6435-0/p235x350/88013958_2944620448923979_7484528542517035008_n.jpg?_nc_cat=103&ccb=1-3&_nc_sid=8024bb&_nc_ohc=lI_QIROB830AX_BsNn5&_nc_ht=scontent-iad3-1.xx&tp=6&oh=994dcdca103597f51559234b1d35d07b&oe=60DC99C1']",Yes,,No,[],No
67,ASICSamerica_1582207200,2020-02-20,2020 vision. 2020 training. How far will you go?,https://scontent-iad3-1.xx.fbcdn.net/v/t15.5256-10/81656792_470523553826247_2167601180325183488_n.jpg?_nc_cat=101&ccb=1-3&_nc_sid=f2c4d5&_nc_ohc=Kw_oPFbGOOMAX_7dhtX&_nc_ht=scontent-iad3-1.xx&oh=217b99b1c8c42574515ad52219a46a0a&oe=60BD7F64,Yes,https://www.facebook.com/ASICSamerica/videos/470519973826605/?t=0,Yes,[],No
68,ASICSamerica_1581004801,2020-02-06,FLYTEFOAM¬Æ for miles. Meet the new GEL-NIMBUS¬Æ Lite sneaker: https://asics.tv/36XQuE1,['https://scontent-iad3-1.xx.fbcdn.net/v/t1.6435-9/s1080x2048/84471907_2902115249841166_6402838636722651136_n.jpg?_nc_cat=100&ccb=1-3&_nc_sid=2d5d41&_nc_ohc=CZAWti5_b5AAX_MblfG&_nc_ht=scontent-iad3-1.xx&tp=7&oh=09e6cc1e99d314543ed0461b71449f29&oe=60DD5680'],Yes,,No,[],No
69,ASICSamerica_1580850006,2020-02-04,Sea -> Sky. Our ASICS x Reigning Champ Vancouver Edition collection is here and bringing those gloomy sky vibes head to toe.,https://external-iad3-1.xx.fbcdn.net/safe_image.php?d=AQHuQt7SmiyI8I8r&w=600&h=600&url=https%3A%2F%2Fsprcdn-assets.sprinklr.com%2F1171%2F1d9c9515-def3-4223-af91-6c55978eef04-2275949000.jpg&cfs=1&ccb=3-5&_nc_hash=AQGUs6rv98Jexs7R,Yes,,No,[],No
70,ASICSamerica_1580496890,2020-01-31,Coming soon... üëÄ,['https://scontent-iad3-1.xx.fbcdn.net/v/t1.6435-9/p720x720/83736390_2890228327696525_4748253673358884864_n.jpg?_nc_cat=103&ccb=1-3&_nc_sid=2d5d41&_nc_ohc=Axw04uJoFAIAX8kl7Wc&_nc_ht=scontent-iad3-1.xx&tp=6&oh=926aae1bc1ff665d41bfa6d8aef5116e&oe=60DB7954'],Yes,,No,[],No
71,ASICSamerica_1580393069,2020-01-30,Say üëã to the GT-2000‚Ñ¢ 8 Retro Tokyo edition which brings style + comfort to a whole new level. https://asics.tv/37F2lrZ,['https://scontent-iad3-1.xx.fbcdn.net/v/t1.6435-9/p720x720/83843887_2887701357949222_3415323754299916288_n.jpg?_nc_cat=105&ccb=1-3&_nc_sid=2d5d41&_nc_ohc=oBh5jjikLl0AX91kLHm&_nc_ht=scontent-iad3-1.xx&tp=6&oh=1f1df851aab60f6e7df8579f907b7610&oe=60DCF7A2'],Yes,,No,[],No
72,ASICSamerica_1580223277,2020-01-28,Retro meets comfort. Shop our Retro Tokyo collection now.,https://external-iad3-1.xx.fbcdn.net/safe_image.php?d=AQFDJTfQJxX-U39y&w=600&h=600&url=https%3A%2F%2Fsprcdn-assets.sprinklr.com%2F1171%2Fresized-preview-f00a4c7d-2ada-4a46-b99a-e1ee600710f7-201492638.jpg&cfs=1&ccb=3-5&_nc_hash=AQGaZ-hFDfJB3fO3,Yes,,No,[],No
73,ASICSamerica_1579618506,2020-01-21,"Whether you're on the track, treadmill, or road - move in style. Shop our Retro Tokyo collection now.",https://external-iad3-1.xx.fbcdn.net/safe_image.php?d=AQH8AInSX-bbCKK4&w=600&h=600&url=https%3A%2F%2Fsprcdn-assets.sprinklr.com%2F1171%2F3055f2fc-319e-49d0-857e-5fde42c477cb-1255904181.jpg&cfs=1&ccb=3-5&_nc_hash=AQGmX1vqSELPR_nm,Yes,,No,[],No
74,ASICSamerica_1579094220,2020-01-15,Stretch. Run. Stretch. Repeat.,['https://scontent-iad3-1.xx.fbcdn.net/v/t1.6435-9/82098464_2856960917689933_4953962162792955904_n.jpg?_nc_cat=105&ccb=1-3&_nc_sid=2d5d41&_nc_ohc=f177qPxh2cwAX-QOQAs&_nc_ht=scontent-iad3-1.xx&oh=687f3926f6b4573b8ffb84a1a41f9bc7&oe=60DCE293'],Yes,,No,[],No
75,ASICSamerica_1578435120,2020-01-07,Blue sky at night is a runner‚Äôs delight.,['https://scontent-iad3-1.xx.fbcdn.net/v/t1.6435-9/p720x720/81542642_2840568049329220_8519260389748244480_n.jpg?_nc_cat=111&ccb=1-3&_nc_sid=2d5d41&_nc_ohc=17V-b0LifyEAX_9E6ou&_nc_ht=scontent-iad3-1.xx&tp=6&oh=d1e9d4c5ce7f8b5bafd6e04c96c8eb57&oe=60DD517B'],Yes,,No,[],No
76,ASICSamerica_1578063600,2020-01-03,All smiles running into the weekend. Where will your shoes take you?,['https://scontent-iad3-1.xx.fbcdn.net/v/t1.6435-9/s1080x2048/81213798_2831060160280009_7493919922301435904_n.jpg?_nc_cat=110&ccb=1-3&_nc_sid=2d5d41&_nc_ohc=6SvtanpO0dEAX-4Jj-_&_nc_ht=scontent-iad3-1.xx&tp=7&oh=05a978ae455808932d892610cc755e17&oe=60DCC83A'],Yes,,No,[],No
77,ASICSamerica_1577974379,2020-01-02,Running into 2020 head on. Let‚Äôs do this.,['https://scontent-iad3-1.xx.fbcdn.net/v/t1.6435-9/s1080x2048/81101552_2828784643840894_6377634441484828672_n.jpg?_nc_cat=109&ccb=1-3&_nc_sid=8024bb&_nc_ohc=DlwdcwpCIvwAX8C0JQh&_nc_ht=scontent-iad3-1.xx&tp=7&oh=5fb9bed5853fd5761e291085e281a663&oe=60DDF560'],Yes,,No,[],No
78,ASICSamerica_1577484300,2019-12-27,Every step is one step closer to reaching your goals.,['https://scontent-iad3-1.xx.fbcdn.net/v/t1.6435-9/p720x720/80980711_2816190365100322_3921336138026975232_n.jpg?_nc_cat=109&ccb=1-3&_nc_sid=2d5d41&_nc_ohc=iE3s_1Gta1wAX97OSHS&_nc_ht=scontent-iad3-1.xx&tp=6&oh=e7ebf6ab88bc459b501c2699adbc5b84&oe=60DC75E3'],Yes,,No,[],No
79,ASICSamerica_1577137996,2019-12-23,Holiday tip: take a few minutes each day to jump for joy. Bonus points if you do it with a buddy.,['https://scontent-iad3-1.xx.fbcdn.net/v/t1.6435-9/s1080x2048/79777484_2807532672632758_5137482559118114816_n.jpg?_nc_cat=111&ccb=1-3&_nc_sid=8024bb&_nc_ohc=d_iqL3P40jkAX-pGlTd&_nc_ht=scontent-iad3-1.xx&tp=7&oh=6f074787a29a866df5066961084b4d1a&oe=60DE4B1B'],Yes,,No,[],No
80,ASICSamerica_1576854001,2019-12-20,Find your mountain and run right over it.,['https://scontent-iad3-1.xx.fbcdn.net/v/t1.6435-9/p720x720/80194342_2800581199994572_607469552892116992_n.jpg?_nc_cat=108&ccb=1-3&_nc_sid=2d5d41&_nc_ohc=YS63VRfBjvMAX_wOM4J&_nc_oc=AQmP0gXmfZ5k-1DyNMpUn9iOjYcvhq52dXn9UR41AaNRzOL-w4vYTkaBc8JTXA38Vfg&_nc_ht=scontent-iad3-1.xx&tp=6&oh=625d09adb1b1005e01698772b40ed289&oe=60DBE11F'],Yes,,No,[],No
81,ASICSamerica_1576680459,2019-12-18,2 weeks left of this decade. How will you finish it?,['https://scontent-iad3-1.xx.fbcdn.net/v/t1.6435-9/p720x720/81382847_2796355290417163_6240769617766121472_n.jpg?_nc_cat=103&ccb=1-3&_nc_sid=2d5d41&_nc_ohc=VXYT-4p7I7wAX-wdn7-&_nc_oc=AQnqAZgwBJSt5e8dZRUTxwj5uUMEwDWqUQv_P5WSdAQzeNJnUEns53aBVKOUVFPtIoc&_nc_ht=scontent-iad3-1.xx&tp=6&oh=10e8d62c0b5245dfe879ddffcf1b761a&oe=60DE626E'],Yes,,No,[],No
82,ASICSamerica_1575987783,2019-12-10,Running is so much better with furry friends. Tag your favorite running buddy in the comments below.,"['https://scontent-iad3-1.xx.fbcdn.net/v/t1.6435-9/p843x403/78572936_2778959425490083_3866253959844855808_n.jpg?_nc_cat=111&ccb=1-3&_nc_sid=8024bb&_nc_ohc=DmWFmXizalcAX_1JmRu&_nc_ht=scontent-iad3-1.xx&tp=6&oh=08f114b499f9fac63cbcd0509a200d20&oe=60DEC57E', 'https://scontent-iad3-1.xx.fbcdn.net/v/t1.6435-9/78576998_2778959445490081_7547874581374042112_n.jpg?_nc_cat=107&ccb=1-3&_nc_sid=8024bb&_nc_ohc=DYX4rQwN4TgAX8Me79E&_nc_ht=scontent-iad3-1.xx&oh=d98225e4209af414439d743deab23240&oe=60DC4A01']",Yes,,No,[],No
83,ASICSamerica_1575504000,2019-12-04,Take a step out of your comfort zone.,['https://scontent-iad3-1.xx.fbcdn.net/v/t1.6435-9/p720x720/78338357_2765977723454920_8449634700682592256_n.jpg?_nc_cat=102&ccb=1-3&_nc_sid=2d5d41&_nc_ohc=lDr8IzYEhJwAX9dwpKB&_nc_ht=scontent-iad3-1.xx&tp=6&oh=ebdd2ec61f6a77e6b886994fe0ecda06&oe=60DB4531'],Yes,,No,[],No
84,ASICSamerica_1575325800,2019-12-02,‚ÄúTaking the time to stretch really sets the mood for my run.‚Äù - Tiffany Forte,['https://scontent-iad3-1.xx.fbcdn.net/v/t1.6435-9/p720x720/78561558_2761300913922601_8721733454548434944_n.jpg?_nc_cat=110&ccb=1-3&_nc_sid=2d5d41&_nc_ohc=PPmvBowV-acAX_Ya0bE&_nc_ht=scontent-iad3-1.xx&tp=6&oh=f93638a21856f730ffa2f8c26c0fbf05&oe=60DB47EF'],Yes,,No,[],No
85,ASICSamerica_1574867110,2019-11-27,"‚ÄùTake it slowly and appreciate the journey, appreciate the process.‚Äù - Jess Movold, running in our new #GELNIMBUS 22 shoe. https://asics.tv/2O0qh05","['https://scontent-iad3-1.xx.fbcdn.net/v/t1.6435-9/p843x403/74155828_2749376105115082_3881602558053056512_n.jpg?_nc_cat=108&ccb=1-3&_nc_sid=8024bb&_nc_ohc=HvouCxtCmQIAX8NJrtu&_nc_ht=scontent-iad3-1.xx&tp=6&oh=989eb3a2e9ae67838b7964bbcf2e89d2&oe=60DE563F', 'https://scontent-iad3-1.xx.fbcdn.net/v/t1.6435-9/p843x403/77263946_2749376235115069_781887762465816576_n.jpg?_nc_cat=100&ccb=1-3&_nc_sid=8024bb&_nc_ohc=p2tZ3PUrKLUAX_f61In&_nc_ht=scontent-iad3-1.xx&tp=6&oh=9ae6037c13e751bcacc9f385bdd8a686&oe=60DE33E8']",Yes,,No,[],No
86,ASICSamerica_1574690903,2019-11-25,Why Jess Movold loves running small towns: ‚Äúthey bring back the memories and the roots of who I am as a runner and who I am as a person.‚Äù Feeling the smooth ride and premium cushion in the GEL-NIMBUS¬Æ 22 shoe. Shop now: https://asics.tv/2O0qh05,['https://scontent-iad3-1.xx.fbcdn.net/v/t1.6435-9/s1080x2048/75586127_2744796338906392_855084944471359488_n.jpg?_nc_cat=109&ccb=1-3&_nc_sid=2d5d41&_nc_ohc=g9mbmQYqT8IAX89Nqfn&_nc_ht=scontent-iad3-1.xx&tp=7&oh=802e23a32a8ba8c6e7ea21cf932494a8&oe=60DE29AA'],Yes,,No,[],No
87,ASICSamerica_1574436846,2019-11-22,"‚ÄúI feel the sense of freedom and confidence when I‚Äôm on a run, the fresh air in my face‚Ä¶‚Äù - Jess Movold, running in our new GEL-NIMBUS¬Æ 22 shoe.",https://external-iad3-1.xx.fbcdn.net/safe_image.php?d=AQFrM9r9GR7PFc4s&w=600&h=600&url=https%3A%2F%2Fsprcdn-assets.sprinklr.com%2F1171%2Fresized-preview-89f9ce60-63a1-460e-87e9-220cd50a7d34-201492638.jpg&cfs=1&ccb=3-5&_nc_hash=AQHbC_CeNBdnQGu0,Yes,,No,[],No
88,ASICSamerica_1573831461,2019-11-15,"Running goals can be small: ‚ÄùStart off small, have a plan, be consistent‚Ä¶‚Äù - Tiffany Forte in our GEL-NIMBUS¬Æ 22 sneaker. https://asics.tv/2PxyjjG","['https://scontent-iad3-1.xx.fbcdn.net/v/t1.6435-0/p526x296/75362544_2722817567770936_6460083382477914112_n.jpg?_nc_cat=102&ccb=1-3&_nc_sid=8024bb&_nc_ohc=TGlyBYBEpskAX-eJgUL&_nc_oc=AQkwD0qQVECvhIdOTfsrehj-ZWuJCsa_hSWMjqYvcrbrmyJVrMK3neJbQIUr7esI38k&_nc_ht=scontent-iad3-1.xx&tp=6&oh=2dc620a9e969a933a0f40413748c3002&oe=60DE691A', 'https://scontent-iad3-1.xx.fbcdn.net/v/t1.6435-0/p526x296/74468341_2722817591104267_4156727438501478400_n.jpg?_nc_cat=102&ccb=1-3&_nc_sid=8024bb&_nc_ohc=8zAhQ4kbGnkAX90LTvL&_nc_ht=scontent-iad3-1.xx&tp=6&oh=e1a6e75962908d639ffc496545c847d9&oe=60DD0B46']",Yes,,No,[],No
89,ASICSamerica_1573512183,2019-11-11,"‚ÄùI love the physical challenge of running, to set a goal and make it happen is incredible‚Äù - Tiffany Forte in the new GEL-NIMBUS¬Æ 22 sneaker. Shop now: https://asics.tv/2O0qh05",['https://scontent-iad3-1.xx.fbcdn.net/v/t1.6435-9/s1080x2048/78089093_2714952328557460_4832767484304031744_n.jpg?_nc_cat=100&ccb=1-3&_nc_sid=2d5d41&_nc_ohc=G9p8fOa4nD0AX_1twLR&_nc_ht=scontent-iad3-1.xx&tp=7&oh=21981d02a6f0d2a1a58bb6ef6127a9c9&oe=60DEF155'],Yes,,No,[],No
90,ASICSamerica_1573398033,2019-11-10,"‚ÄúI think that my favorite part is the city welcoming us with open arms. That‚Äôs the best, the people in the streets are the best cheering squad ever.‚Äù - Juan Becerra, reflecting on his marathon experiences in our new GEL-NIMBUS¬Æ 22 shoe. https://asics.tv/2PxyjjG","['https://scontent-iad3-1.xx.fbcdn.net/v/t1.6435-9/s1080x2048/74476300_2708132772572749_944497607999225856_n.jpg?_nc_cat=103&ccb=1-3&_nc_sid=8024bb&_nc_ohc=iI5UO2bql4wAX9aJVpG&_nc_ht=scontent-iad3-1.xx&tp=7&oh=8435f24a42562c21e482230a2237ed46&oe=60DBF974', 'https://scontent-iad3-1.xx.fbcdn.net/v/t1.6435-9/s1080x2048/74426878_2708132872572739_6179949513600401408_n.jpg?_nc_cat=109&ccb=1-3&_nc_sid=8024bb&_nc_ohc=vTdSpLBpDk0AX-sa5ZI&_nc_ht=scontent-iad3-1.xx&tp=7&oh=4074b0c4e18f30198e95ec36e372ed14&oe=60DC38D2']",Yes,,No,[],No
91,ASICSamerica_1573241162,2019-11-08,"""I definitely need my run every day. Running to me is calming - it helps get me through the day, but also helps me wake up relaxed the next day.‚Äù - Juan Becerra in our GEL-NIMBUS¬Æ 22 sneaker. https://asics.tv/2PxyjjG","['https://scontent-iad3-1.xx.fbcdn.net/v/t1.6435-0/p526x296/75278312_2708122402573786_8770473834345136128_n.jpg?_nc_cat=102&ccb=1-3&_nc_sid=8024bb&_nc_ohc=8i6uQNeAj-cAX97anBq&_nc_ht=scontent-iad3-1.xx&tp=6&oh=e952e76f20340a353572d5abf957b2fd&oe=60DE6E17', 'https://scontent-iad3-1.xx.fbcdn.net/v/t1.6435-0/p526x296/74708912_2708122455907114_7947717039991291904_n.jpg?_nc_cat=111&ccb=1-3&_nc_sid=8024bb&_nc_ohc=Hs9wtmiYpR4AX97pNyo&_nc_ht=scontent-iad3-1.xx&tp=6&oh=64ada996baa16da3c2569ee55aba2c33&oe=60DD692A']",Yes,,No,[],No
92,ASICSamerica_1572793241,2019-11-03,"It doesn‚Äôt have to be perfect, it just has to be yours. No matter your finish, feel your best with our new GEL-NIMBUS¬Æ 22 shoe. Shop now: https://asics.tv/2PxyjjG","['https://scontent-iad3-1.xx.fbcdn.net/v/t1.6435-0/p526x296/73322761_2689465817772778_3745895382639443968_n.jpg?_nc_cat=105&ccb=1-3&_nc_sid=8024bb&_nc_ohc=3n4aYvdPwooAX_7BkO_&_nc_ht=scontent-iad3-1.xx&tp=6&oh=978882d74c9cc54c530cfcc2ac8f453f&oe=60DE9A59', 'https://scontent-iad3-1.xx.fbcdn.net/v/t1.6435-0/p526x296/74505943_2689465861106107_8403024306837127168_n.jpg?_nc_cat=111&ccb=1-3&_nc_sid=8024bb&_nc_ohc=FXJgU8nS1VQAX_dkj1_&_nc_ht=scontent-iad3-1.xx&tp=6&oh=333279ce03e55c088c7bcc5b5d5b3aba&oe=60DE73AA']",Yes,,No,[],No
93,ASICSamerica_1572616832,2019-11-01,"Allie Kieffer loves a good comeback story. Our GEL-NIMBUS¬Æ 22 shoe is back for more, with added comfort and softness for a smoother ride. Shop now: https://asics.tv/2PxyjjG","['https://scontent-iad3-1.xx.fbcdn.net/v/t1.6435-0/p526x296/74496918_2689458657773494_4068777825518223360_n.jpg?_nc_cat=100&ccb=1-3&_nc_sid=8024bb&_nc_ohc=vXYBSpOFVm0AX90_sM4&_nc_ht=scontent-iad3-1.xx&tp=6&oh=fcb382d464a313f8722d7debd5717c59&oe=60DC416B', 'https://scontent-iad3-1.xx.fbcdn.net/v/t1.6435-0/p526x296/74205835_2689458694440157_2855638302441078784_n.jpg?_nc_cat=103&ccb=1-3&_nc_sid=8024bb&_nc_ohc=a1X_nCDMqbYAX-Cvk_q&_nc_ht=scontent-iad3-1.xx&tp=6&oh=ad663338dc80877056cd5afa622f9392&oe=60DC673A']",Yes,,No,[],No
94,ASICSamerica_1572382812,2019-10-29,"‚ÄúWhen you do a sport like track and field, you learn a lot about discipline, self organization, and getting it done.‚Äù - Lacey Henderson in our new GT-2000‚Ñ¢ 8 shoe.",['https://scontent-iad3-1.xx.fbcdn.net/v/t1.6435-9/s1080x2048/76693242_2687509567968403_2566945010419236864_n.jpg?_nc_cat=109&ccb=1-3&_nc_sid=2d5d41&_nc_ohc=0b0ClSetCAUAX_KYSrA&_nc_ht=scontent-iad3-1.xx&tp=7&oh=6966a4973b110f27d87e8b15217d583f&oe=60DBFA46'],Yes,,No,[],No
95,ASICSamerica_1571925605,2019-10-24,Erik Valiente tells his runners to start with one block. Catch him running LA in our newest GT-2000‚Ñ¢ 8 shoe.,https://scontent-iad3-1.xx.fbcdn.net/v/t45.1600-4/cp0/q75/spS444/p600x600/73079639_23843963698620057_3623894040572854272_n.jpg?_nc_cat=102&ccb=1-3&_nc_sid=67cdda&_nc_ohc=EEajUkS33j4AX8dNZxA&_nc_ht=scontent-iad3-1.xx&tp=31&oh=6a2a7210705ab4e587d7fcadaae08cda&oe=60BC4910,Yes,,No,[],No
96,ASICSamerica_1571753230,2019-10-22,"From warm-up to cool-down, meet our new GT-2000‚Ñ¢ 8 shoe. https://asics.tv/2mAJxYq","['https://scontent-iad3-1.xx.fbcdn.net/v/t1.6435-0/p600x600/74357025_2672081236177903_7289567603150815232_n.jpg?_nc_cat=108&ccb=1-3&_nc_sid=8024bb&_nc_ohc=tFQ3R9tlSOsAX-F6VjE&_nc_ht=scontent-iad3-1.xx&tp=6&oh=d12736414fb788517929a913bf32f721&oe=60DEB32C', 'https://scontent-iad3-1.xx.fbcdn.net/v/t1.6435-0/p600x600/73285483_2672081252844568_1184021620495220736_n.jpg?_nc_cat=109&ccb=1-3&_nc_sid=8024bb&_nc_ohc=8J952AmSwqwAX-CPJ_N&_nc_ht=scontent-iad3-1.xx&tp=6&oh=203ed96f46201e29ccb0211d2b1e7f62&oe=60DF0156']",Yes,,No,[],No
97,ASICSamerica_1571405873,2019-10-18,‚ÄúUrban running has definitely changed my perspective on Los Angeles. On the streets everything slows down and you get to become a tourist in your own city.‚Äù - Erik Valiente. Shop the GT-2000‚Ñ¢ 8 shoe: https://asics.tv/2mBI8AP,['https://scontent-iad3-1.xx.fbcdn.net/v/t1.6435-0/p600x600/73357391_2663236707062356_3630510265893650432_n.jpg?_nc_cat=107&ccb=1-3&_nc_sid=2d5d41&_nc_ohc=nMHGdwxz3jQAX8wKt-f&_nc_ht=scontent-iad3-1.xx&tp=6&oh=178b3ac70dd6f914abcabcb3f6fe1540&oe=60DBA66A'],Yes,,No,[],No
98,ASICSamerica_1570579200,2019-10-08,‚ÄúWe move through the city really fast going from point A to point B. Once I picked up running I got the chance to slow down in a sense‚Äù -Erik Valiente on running his city in the new GT-2000‚Ñ¢ 8 shoe. Shop: https://asics.tv/2mBI8AP,['https://scontent-iad3-1.xx.fbcdn.net/v/t1.6435-9/s1080x2048/71754732_2642600739125953_521070221239255040_n.jpg?_nc_cat=111&ccb=1-3&_nc_sid=2d5d41&_nc_ohc=tLQnIrr0bnkAX-bBgQw&_nc_ht=scontent-iad3-1.xx&tp=7&oh=0fc352e947fd7ede70fc637c3b521c80&oe=60DE2075'],Yes,,No,[],No
99,ASICSamerica_1570366805,2019-10-06,"She‚Äôs done Rio, she‚Äôs done Lima. Next stop: repping the US in Tokyo. Professional track and field athlete, Lacey J Henderson in our newest GT-2000‚Ñ¢ 8 shoe.",https://scontent-iad3-1.xx.fbcdn.net/v/t45.1600-4/cp0/q75/spS444/p600x600/72501891_23843894679280057_5898122809132974080_n.jpg?_nc_cat=109&ccb=1-3&_nc_sid=67cdda&_nc_ohc=KfBE5STZi50AX9TiUJS&_nc_ht=scontent-iad3-1.xx&tp=31&oh=97810dc3b7f49d5d656ebad71581300a&oe=60BD905B,Yes,,No,[],No
100,ASICSamerica_1570197601,2019-10-04,Reach new heights with our GT-2000‚Ñ¢ 8 shoe and love the run you‚Äôre with. Shop now: https://asics.tv/2mBI8AP,['https://scontent-iad3-1.xx.fbcdn.net/v/t1.6435-9/s1080x2048/71915281_2634096056643088_5693279399126761472_n.jpg?_nc_cat=100&ccb=1-3&_nc_sid=2d5d41&_nc_ohc=kV5RvsXNroYAX_PcDyj&_nc_ht=scontent-iad3-1.xx&tp=7&oh=8cbeedb73d1915c9ba0700b5d1247afd&oe=60DEDFE0'],Yes,,No,[],No
101,ASICSamerica_1570050003,2019-10-02,"‚ÄúThey cradle the foot perfectly. Pushing off, you‚Äôve just got full power.‚Äù - Adam and Elise on our GT-2000‚Ñ¢ 8 shoe. Shop now: https://asics.tv/2mBI8AP",['https://scontent-iad3-1.xx.fbcdn.net/v/t1.6435-0/p600x600/71845576_2630845963634764_2489312699154956288_n.jpg?_nc_cat=102&ccb=1-3&_nc_sid=2d5d41&_nc_ohc=NID7zjx8lRwAX8JyQwo&_nc_oc=AQneFX1MdSFtCVz3TY5rJvSHCBTV5czRkmK3CSquLh5qkO0KL52fqPaXJejawYYdodE&_nc_ht=scontent-iad3-1.xx&tp=6&oh=a29c13d0d35536f88d7e6ad507483a9c&oe=60DF0EC8'],Yes,,No,[],No
102,ASICSamerica_1569934841,2019-10-01,Get ready. Our favorite stability shoe is back and lighter than ever. Follow along with Adam and Elise as they test our newest GT-2000‚Ñ¢ 8 shoe.,https://scontent-iad3-1.xx.fbcdn.net/v/t45.1600-4/cp0/q75/spS444/p600x600/72238607_23843877433890057_3911973830876200960_n.jpg?_nc_cat=102&ccb=1-3&_nc_sid=67cdda&_nc_ohc=jLQghxOXdsUAX-FeUnb&_nc_ht=scontent-iad3-1.xx&tp=31&oh=0277d6a4c50d079af64934cbeaf553c3&oe=60BC89C7,Yes,,No,[],No
103,ASICSamerica_1569877209,2019-09-30,Some of us just want to hit the finish line. Others would rather keep on going. Shop GLIDERIDE‚Ñ¢ now: https://asics.tv/2n0D6O3,['https://scontent-iad3-1.xx.fbcdn.net/v/t1.6435-9/p720x720/71260440_2627263017326392_1355197950099193856_n.jpg?_nc_cat=106&ccb=1-3&_nc_sid=2d5d41&_nc_ohc=HuRWONiO6xkAX8aSxex&_nc_ht=scontent-iad3-1.xx&tp=6&oh=93e59fefba8b9acc1c32b72ebd4d69a1&oe=60DB70C6'],Yes,,No,[],No
104,ASICSamerica_1569679615,2019-09-28,Discover what lies beyond your limits. Introducing GLIDERIDE‚Ñ¢. Shop now: https://asics.tv/2n0D6O3,['https://scontent-iad3-1.xx.fbcdn.net/v/t1.6435-9/71924701_2622812241104803_1194263030142074880_n.jpg?_nc_cat=105&ccb=1-3&_nc_sid=2d5d41&_nc_ohc=F_ckFyxwBS0AX-B12UH&_nc_ht=scontent-iad3-1.xx&oh=d06823929e89f709fa722582ec298cdc&oe=60DE99B9'],Yes,,No,[],No
105,ASICSamerica_1569595756,2019-09-27,How far could you run if there was no finish line? Shop the new GLIDERIDE‚Ñ¢ shoe now: https://asics.tv/2m200ED,https://scontent-iad3-1.xx.fbcdn.net/v/t15.5256-10/70909750_890058071363250_8468890228776501248_n.jpg?_nc_cat=105&ccb=1-3&_nc_sid=f2c4d5&_nc_ohc=PfXaGmc9EecAX-y85jf&_nc_ht=scontent-iad3-1.xx&oh=531be01df1c40be5bc25b7d26256b906&oe=60BC55E5,Yes,https://www.facebook.com/ASICSamerica/videos/890051864697204/?t=0,Yes,[],No
106,ASICSamerica_1569420005,2019-09-25,More roads. More runs. More energy. GLIDERIDE‚Ñ¢ - coming 9.27. https://asics.tv/2mHgmT2,['https://scontent-iad3-1.xx.fbcdn.net/v/t1.6435-9/p720x720/71705182_2616915345027826_7764932384448839680_n.jpg?_nc_cat=101&ccb=1-3&_nc_sid=2d5d41&_nc_ohc=bRXBJqitKEkAX9eqY1J&_nc_ht=scontent-iad3-1.xx&tp=6&oh=06c7bdf59da4027f33717ca5618bf57b&oe=60DDFA4B'],Yes,,No,[],No
107,ASICSamerica_1569243144,2019-09-23,Get out there and find every peak in your range. WIN THE LONG RUN‚Ñ¢,['https://scontent-iad3-1.xx.fbcdn.net/v/t1.6435-9/s1080x2048/70790446_2613151868737507_4405954658292465664_n.jpg?_nc_cat=104&ccb=1-3&_nc_sid=8024bb&_nc_ohc=x1CQreRAFE0AX9vc_Us&_nc_ht=scontent-iad3-1.xx&tp=7&oh=ae9a9e53fc0546cf6de89b794aa9f805&oe=60DE95DC'],Yes,,No,[],No
108,ASICSamerica_1569074401,2019-09-21,Savor the moment right before you run right through it. WIN THE LONG RUN‚Ñ¢,['https://scontent-iad3-1.xx.fbcdn.net/v/t1.6435-9/s1080x2048/70477457_2609579329094761_5349820287623888896_n.jpg?_nc_cat=102&ccb=1-3&_nc_sid=2d5d41&_nc_ohc=iOIwJywcYWoAX9oqKtm&_nc_ht=scontent-iad3-1.xx&tp=7&oh=0d95153b95ec82014773eefc18109500&oe=60DED248'],Yes,,No,[],No
109,ASICSamerica_1568898984,2019-09-19,"No matter what direction you are headed, run for it. WIN THE LONG RUN‚Ñ¢",['https://scontent-iad3-1.xx.fbcdn.net/v/t1.6435-9/s1080x2048/70413099_2605760076143353_2685481632432914432_n.jpg?_nc_cat=103&ccb=1-3&_nc_sid=8024bb&_nc_ohc=BnplG2cUqEQAX9mL7pC&_nc_ht=scontent-iad3-1.xx&tp=7&oh=c7efdea4036700d853dc7ba4923fc954&oe=60DC73D1'],Yes,,No,[],No
110,ASICSamerica_1568724868,2019-09-17,The grass is always greener on the other side of a run. WIN THE LONG RUN‚Ñ¢,['https://scontent-iad3-1.xx.fbcdn.net/v/t1.6435-9/s1080x2048/71384755_2602057683180259_8440204713437167616_n.jpg?_nc_cat=106&ccb=1-3&_nc_sid=8024bb&_nc_ohc=tZVjx2AYe_wAX__u6Th&_nc_ht=scontent-iad3-1.xx&tp=7&oh=4f008c2dd4dd35373c20178ceb44a3fb&oe=60DE4BF9'],Yes,,No,[],No
111,ASICSamerica_1568385106,2019-09-13,"It‚Äôs nearly here. And it will change the way you run. Hello, GLIDERIDE‚Ñ¢.",['https://scontent-iad3-1.xx.fbcdn.net/v/t1.6435-9/p720x720/70276132_2594662517253109_1423885188810670080_n.jpg?_nc_cat=108&ccb=1-3&_nc_sid=8024bb&_nc_ohc=MS8IPI35TokAX_N5rtF&_nc_ht=scontent-iad3-1.xx&tp=6&oh=5d4ec10a1a993cc08eda4c61c2350f6d&oe=60DE6AE8'],Yes,,No,[],No
112,ASICSamerica_1568322002,2019-09-12,"When you hit your stride, nothing can throw you off course. WIN THE LONG RUN‚Ñ¢",['https://scontent-iad3-1.xx.fbcdn.net/v/t1.6435-9/s1080x2048/69998255_2593296274056400_2785833371505262592_n.jpg?_nc_cat=107&ccb=1-3&_nc_sid=2d5d41&_nc_ohc=xRu6R4xr3dQAX8NXTc_&_nc_ht=scontent-iad3-1.xx&tp=7&oh=418992623fa4e9fbf0ef219306d062dc&oe=60DCBA09'],Yes,,No,[],No
113,ASICSamerica_1568033854,2019-09-09,The only path that matters is the one you‚Äôre on. WIN THE LONG RUN‚Ñ¢,['https://scontent-iad3-1.xx.fbcdn.net/v/t1.6435-9/s1080x2048/70141934_2586628811389813_6096445475236347904_n.jpg?_nc_cat=100&ccb=1-3&_nc_sid=8024bb&_nc_ohc=VW0Bixak9FYAX_3R5n2&_nc_ht=scontent-iad3-1.xx&tp=7&oh=0a0b35510f68a0cabeae13dd1acaae34&oe=60DEB8ED'],Yes,,No,[],No
114,ASICSamerica_1567882991,2019-09-07,Coming soon...#GLIDERIDE,['https://scontent-iad3-1.xx.fbcdn.net/v/t1.6435-9/70823786_2582922731760421_3447759708096561152_n.jpg?_nc_cat=103&ccb=1-3&_nc_sid=8024bb&_nc_ohc=LkHeViQh-YIAX9j5tZ0&_nc_ht=scontent-iad3-1.xx&oh=1e44a7ec829117f38429adc7eb561e9a&oe=60DDAA42'],Yes,,No,[],No
115,ASICSamerica_1567775274,2019-09-06,"New day, new run, new you. WIN THE LONG RUN‚Ñ¢",['https://scontent-iad3-1.xx.fbcdn.net/v/t1.6435-9/s1080x2048/70277255_2579756165410411_2251721726884839424_n.jpg?_nc_cat=104&ccb=1-3&_nc_sid=8024bb&_nc_ohc=SIWVW3_czT4AX-Bjaka&_nc_ht=scontent-iad3-1.xx&tp=7&oh=a8e9f2b99a4af434316f78ce3afd4762&oe=60DE9A0D'],Yes,,No,[],No
116,ASICSamerica_1567603436,2019-09-04,Long run. Clear head. WIN THE LONG RUN‚Ñ¢,['https://scontent-iad3-1.xx.fbcdn.net/v/t1.6435-9/s1080x2048/69525573_2575180495867978_1828351617808728064_n.jpg?_nc_cat=102&ccb=1-3&_nc_sid=8024bb&_nc_ohc=OxOB7oXa-AMAX91V4GL&_nc_ht=scontent-iad3-1.xx&tp=7&oh=d466bcf271fbaeab1582ddf61875c686&oe=60DCC60D'],Yes,,No,[],No
117,ASICSamerica_1567260002,2019-08-31,Classic comfort and stability. Ultra-modern look. Shop the GEL-KAYANO¬Æ 26 Platinum: https://asics.tv/30JwGlx,['https://scontent-iad3-1.xx.fbcdn.net/v/t1.6435-9/s1080x2048/69573732_2567994293253265_5580616385408532480_n.jpg?_nc_cat=105&ccb=1-3&_nc_sid=2d5d41&_nc_ohc=NG3QFrZ7I1UAX_UtODS&_nc_ht=scontent-iad3-1.xx&tp=7&oh=a5204230355a22fcb0f21d6f17350208&oe=60DCA2D7'],Yes,,No,[],No
118,ASICSamerica_1566932401,2019-08-27,Get after those gains with THE NEW STRONG‚Ñ¢ collection. Shop now. https://asics.tv/2Txv2Ay,['https://scontent-iad3-1.xx.fbcdn.net/v/t1.6435-9/s1080x2048/69769631_2561360323916662_7845170405126963200_n.jpg?_nc_cat=103&ccb=1-3&_nc_sid=2d5d41&_nc_ohc=52H8qH7sGMkAX__V4HH&_nc_ht=scontent-iad3-1.xx&tp=7&oh=f432ae84f8046e84addac63782321aae&oe=60DB71C8'],Yes,,No,[],No
119,ASICSamerica_1566842716,2019-08-26,"We kicked off match week at our 5th Ave store with a Q&A with some of our competing athletes. Good luck this week, athletes! üì∑: Getty Images","['https://scontent-iad3-1.xx.fbcdn.net/v/t1.6435-9/p720x720/69627622_2559481417437886_6948034505307324416_n.jpg?_nc_cat=111&ccb=1-3&_nc_sid=8024bb&_nc_ohc=nr9NIiSl9FAAX_HF6g9&_nc_ht=scontent-iad3-1.xx&tp=6&oh=8aa017ab7b021f848e6c38809dbad4e6&oe=60DD076F', 'https://scontent-iad3-1.xx.fbcdn.net/v/t1.6435-9/s720x720/69144291_2559481594104535_5816229233181065216_n.jpg?_nc_cat=107&ccb=1-3&_nc_sid=8024bb&_nc_ohc=Dr1cFO7PPtIAX_qQxjv&_nc_ht=scontent-iad3-1.xx&tp=7&oh=96361b692c6dc6a83ad64c66e93fa101&oe=60DC4529', 'https://scontent-iad3-1.xx.fbcdn.net/v/t1.6435-0/p526x296/69069673_2559481754104519_5246060341678309376_n.jpg?_nc_cat=108&ccb=1-3&_nc_sid=8024bb&_nc_ohc=1HnfczUjuw8AX-LpaJh&_nc_ht=scontent-iad3-1.xx&tp=6&oh=03f914a655b44fd4d789dd660404c531&oe=60DB96CC']",Yes,,No,[],No
120,ASICSamerica_1566741600,2019-08-25,Go wherever your workout takes you. Shop THE NEW STRONG‚Ñ¢ collection. https://asics.tv/303wptt,https://scontent-iad3-1.xx.fbcdn.net/v/t15.5256-10/66831005_496842891112951_5636839208120221696_n.jpg?_nc_cat=102&ccb=1-3&_nc_sid=f2c4d5&_nc_ohc=9AlLgkNrQwcAX-o5Ayv&_nc_ht=scontent-iad3-1.xx&oh=b77e9701629dc98eae5cea6cb7fa7cbb&oe=60BC82F9,Yes,https://www.facebook.com/ASICSamerica/videos/496841624446411/?t=0,Yes,[],No
121,ASICSamerica_1566655201,2019-08-24,"With THE NEW STRONG‚Ñ¢ collection, nothing can hold you back. Shop now: https://asics.tv/2Txv2Ay",['https://scontent-iad3-1.xx.fbcdn.net/v/t1.6435-9/s1080x2048/68950137_2554362951283066_5239519780796366848_n.jpg?_nc_cat=110&ccb=1-3&_nc_sid=8024bb&_nc_ohc=CUJsCJ2AD0wAX-FyJJJ&_nc_ht=scontent-iad3-1.xx&tp=7&oh=63fffd864c1a3612604676b519cffe1b&oe=60DF3065'],Yes,,No,[],No
122,ASICSamerica_1566503751,2019-08-22,Flatters any shape. Flexes to any form. Shop the VIVID IN MOTION‚Ñ¢ Seamless bra & tight here. THE NEW STRONG‚Ñ¢ collection. https://asics.tv/2Txv2Ay,"['https://scontent-iad3-1.xx.fbcdn.net/v/t1.6435-0/p235x350/69039315_2552419624810732_379371510613147648_n.jpg?_nc_cat=104&ccb=1-3&_nc_sid=8024bb&_nc_ohc=P-ZEAqgQzEwAX-TtyGn&_nc_ht=scontent-iad3-1.xx&tp=6&oh=494ff054ae0e497fc38789e53bd2a473&oe=60DE6160', 'https://scontent-iad3-1.xx.fbcdn.net/v/t1.6435-0/p235x350/69364946_2552419661477395_5164033845078523904_n.jpg?_nc_cat=104&ccb=1-3&_nc_sid=8024bb&_nc_ohc=jj9y3DdnvtAAX-1hnw4&_nc_ht=scontent-iad3-1.xx&tp=6&oh=44267c583432326a1ee0d48771763d26&oe=60DD2648', 'https://scontent-iad3-1.xx.fbcdn.net/v/t1.6435-0/p235x350/68680195_2552419654810729_6169480182924050432_n.jpg?_nc_cat=111&ccb=1-3&_nc_sid=8024bb&_nc_ohc=RqBX2yc_r20AX-lwSHk&_nc_ht=scontent-iad3-1.xx&tp=6&oh=b68d7853d4a81c2160dd21780d0d469c&oe=60DE0C72']",Yes,,No,[],No
123,ASICSamerica_1566327260,2019-08-20,"Can‚Äôt stop, will never stop. Shop THE NEW STRONG‚Ñ¢ collection. https://asics.tv/303wptt",https://scontent-iad3-1.xx.fbcdn.net/v/t15.5256-10/66670907_935428243477908_8016358971092762624_n.jpg?_nc_cat=104&ccb=1-3&_nc_sid=f2c4d5&_nc_ohc=n6ep57liAGEAX8N3hDM&_nc_oc=AQmxOYJmnjPrX7L57xCc-GpxxcSAq1NARLQ25QQbo7lXMasFWgz5mZxTlkWi9KSMRA4&_nc_ht=scontent-iad3-1.xx&oh=e727f921d5e68343696ffaf17c7dbca6&oe=60BD274C,Yes,https://www.facebook.com/ASICSamerica/videos/935427940144605/?t=0,Yes,[],No
124,ASICSamerica_1566136801,2019-08-18,The fast-wicking VIVID IN MOTION‚Ñ¢ Strappy Seamless bra & legging allow you to leap over any hurdle with ease. Shop THE NEW STRONG‚Ñ¢ collection. https://asics.tv/2Txv2Ay,"['https://scontent-iad3-1.xx.fbcdn.net/v/t1.6435-0/p235x350/69080621_2541786949207333_2119853955881107456_n.jpg?_nc_cat=108&ccb=1-3&_nc_sid=8024bb&_nc_ohc=r_AlPw0faWoAX8CX9fv&_nc_ht=scontent-iad3-1.xx&tp=6&oh=da129909b4f3df022e2eeccdef358dfa&oe=60DD5043', 'https://scontent-iad3-1.xx.fbcdn.net/v/t1.6435-0/p235x350/67959138_2541787085873986_561820561706057728_n.jpg?_nc_cat=105&ccb=1-3&_nc_sid=8024bb&_nc_ohc=UmxJbT2rj-oAX-o93-x&_nc_ht=scontent-iad3-1.xx&tp=6&oh=27cfb91d494b746fd6e4b280ae04a890&oe=60DCB1DF', 'https://scontent-iad3-1.xx.fbcdn.net/v/t1.6435-0/p235x350/69222492_2541787029207325_184023903931203584_n.jpg?_nc_cat=103&ccb=1-3&_nc_sid=8024bb&_nc_ohc=Al-OY1a3DXwAX_hp2vQ&_nc_ht=scontent-iad3-1.xx&tp=6&oh=d14a47a423b56a31c541b7254b0913c8&oe=60DB404A']",Yes,,No,[],No
125,ASICSamerica_1566050400,2019-08-17,We got your back with the customizable VIVID IN MOTION‚Ñ¢ Strappy Seamless bra. Shop THE NEW STRONG‚Ñ¢ collection. https://asics.tv/2Txv2Ay,['https://scontent-iad3-1.xx.fbcdn.net/v/t1.6435-9/s1080x2048/68602736_2543265585726136_149305617398366208_n.jpg?_nc_cat=104&ccb=1-3&_nc_sid=2d5d41&_nc_ohc=16bsAt6HWdkAX_1gzEx&_nc_ht=scontent-iad3-1.xx&tp=7&oh=445d7cee6818d1edf9a10638e9ffd10f&oe=60DBFC1B'],Yes,,No,[],No
126,ASICSamerica_1565965649,2019-08-16,Made for every kind of strong. Shop THE NEW STRONG‚Ñ¢ collection. https://asics.tv/303wptt,https://scontent-iad3-1.xx.fbcdn.net/v/t15.5256-10/66665677_3460974203928530_6348593839724298240_n.jpg?_nc_cat=101&ccb=1-3&_nc_sid=f2c4d5&_nc_ohc=-xZ5l-DxfsgAX--sCNN&_nc_ht=scontent-iad3-1.xx&oh=a3873a194c424db7ee6f023d851abf2f&oe=60BCDD30,Yes,https://www.facebook.com/ASICSamerica/videos/3460970087262275/?t=0,Yes,[],No
127,ASICSamerica_1565874149,2019-08-15,Built for blast off. Shop the VIVID IN MOTION‚Ñ¢ Seamless bra & tight from THE NEW STRONG‚Ñ¢ collection. https://asics.tv/2Txv2Ay,['https://scontent-iad3-1.xx.fbcdn.net/v/t1.6435-9/s1080x2048/68776429_2539725269413501_9047546100210204672_n.jpg?_nc_cat=105&ccb=1-3&_nc_sid=8024bb&_nc_ohc=1hvuC5UxLKEAX_yBxNP&_nc_ht=scontent-iad3-1.xx&tp=7&oh=248aff74c8733bb85b864aa65fd23a75&oe=60DB691E'],Yes,,No,[],No
128,ASICSamerica_1565790321,2019-08-14,Morning run club. Number of members: 2. WIN THE LONG RUN‚Ñ¢,['https://scontent-iad3-1.xx.fbcdn.net/v/t1.6435-9/68357879_2537964486256246_4648181463643062272_n.jpg?_nc_cat=105&ccb=1-3&_nc_sid=8024bb&_nc_ohc=NhAJg9n6Wh4AX-OeRF2&_nc_ht=scontent-iad3-1.xx&oh=5d7d7e6456e7a82e6d8799a990292f9a&oe=60DBF226'],Yes,,No,[],No
129,ASICSamerica_1565270453,2019-08-08,You aren‚Äôt born with your stride. You have to find it. WIN THE LONG RUN‚Ñ¢,['https://scontent-iad3-1.xx.fbcdn.net/v/t1.6435-9/67800063_2527746263944735_1645607304894087168_n.png?_nc_cat=110&ccb=1-3&_nc_sid=8024bb&_nc_ohc=8rKUZ3kUD64AX92nVgH&_nc_ht=scontent-iad3-1.xx&oh=2b62776f02f26e90c52644ae989a5830&oe=60DC8542'],Yes,,No,[],No
130,ASICSamerica_1565096424,2019-08-06,Stopping isn‚Äôt quitting. Quitting is. WIN THE LONG RUN‚Ñ¢,['https://scontent-iad3-1.xx.fbcdn.net/v/t1.6435-9/s1080x2048/67790369_2524354114283950_5914524945639014400_n.jpg?_nc_cat=103&ccb=1-3&_nc_sid=8024bb&_nc_ohc=4GnKKnM5W4MAX-XAy5p&_nc_ht=scontent-iad3-1.xx&tp=7&oh=d4e69502ca2af9135dfb62490d9007f2&oe=60DD2AD7'],Yes,,No,[],No
131,ASICSamerica_1564941580,2019-08-04,What crosses your mind before you put it into gear? WIN THE LONG RUN‚Ñ¢,['https://scontent-iad3-1.xx.fbcdn.net/v/t1.6435-9/s1080x2048/67460409_2521333254586036_2842308467711016960_n.jpg?_nc_cat=109&ccb=1-3&_nc_sid=8024bb&_nc_ohc=-mUue15DVjkAX9flKJi&_nc_ht=scontent-iad3-1.xx&tp=7&oh=3f551a6ceaa6581438355e582afb8531&oe=60DDC7FD'],Yes,,No,[],No
132,ASICSamerica_1564750860,2019-08-02,"Level up your run, level up yourself. WIN THE LONG RUN‚Ñ¢",['https://scontent-iad3-1.xx.fbcdn.net/v/t1.6435-9/s1080x2048/67570734_2517526794966682_6897742418251087872_n.jpg?_nc_cat=102&ccb=1-3&_nc_sid=2d5d41&_nc_ohc=Qn0nrfqGtEQAX8ZrP81&_nc_ht=scontent-iad3-1.xx&tp=7&oh=b2299a58cd1d100c9a0dde31c3d9e155&oe=60DE0BE7'],Yes,,No,[],No
133,ASICSamerica_1564596001,2019-07-31,One run. Hundreds of endorphins. WIN THE LONG RUN‚Ñ¢,https://scontent-iad3-1.xx.fbcdn.net/v/t15.5256-10/66301726_444580992800870_772543820595200000_n.jpg?_nc_cat=101&ccb=1-3&_nc_sid=f2c4d5&_nc_ohc=5AKm6g2IGXQAX9YMMx2&_nc_oc=AQlbPjZnBclvafVzrhtUGm-XnytUZBr2vDy_JfbAvbn9qbv1J6KkLkrmb7hdtQlIYlg&_nc_ht=scontent-iad3-1.xx&oh=00ce912f25995af69e0a9c6f6357115e&oe=60BD0BC9,Yes,https://www.facebook.com/ASICSamerica/videos/444578206134482/?t=0,Yes,[],No
134,ASICSamerica_1564404673,2019-07-29,Consider this your wake-up call: Get running. WIN THE LONG RUN‚Ñ¢,['https://scontent-iad3-1.xx.fbcdn.net/v/t1.6435-9/67695865_2510322332353795_8954173859087515648_n.jpg?_nc_cat=108&ccb=1-3&_nc_sid=8024bb&_nc_ohc=U94YHvEjASQAX9rhhS5&_nc_ht=scontent-iad3-1.xx&oh=93620b0cebb43ad9cd49c96921340a3b&oe=60DEB1A6'],Yes,,No,[],No
135,ASICSamerica_1564084800,2019-07-25,It‚Äôs you vs. the open road. WIN THE LONG RUN‚Ñ¢.,['https://scontent-iad3-1.xx.fbcdn.net/v/t1.6435-9/67338810_2503901202995908_4828554005422538752_n.jpg?_nc_cat=108&ccb=1-3&_nc_sid=2d5d41&_nc_ohc=jduZO9VhNvkAX9WVpVt&_nc_ht=scontent-iad3-1.xx&oh=1ddbe024edb03b8fa0d1795c0a44fe40&oe=60DB9290'],Yes,,No,[],No
136,ASICSamerica_1563887402,2019-07-23,"You don‚Äôt have to be a morning person, just a running person. WIN THE LONG RUN‚Ñ¢.",https://scontent-iad3-1.xx.fbcdn.net/v/t15.5256-10/65960959_1145163632338378_7470292903479214080_n.jpg?_nc_cat=107&ccb=1-3&_nc_sid=f2c4d5&_nc_ohc=mZVg1ec-fAkAX9y2eqf&_nc_ht=scontent-iad3-1.xx&oh=38ba585c34fef81e513da1c4770d2fd2&oe=60BBAECF,Yes,https://www.facebook.com/ASICSamerica/videos/1145162509005157/?t=0,Yes,[],No
137,ASICSamerica_1563634800,2019-07-20,All it takes is everything you‚Äôve got. WIN THE LONG RUN‚Ñ¢.,['https://scontent-iad3-1.xx.fbcdn.net/v/t1.6435-9/67182612_2494492130603482_2119365291682037760_n.jpg?_nc_cat=107&ccb=1-3&_nc_sid=2d5d41&_nc_ohc=jaMUs7u1YZwAX8JH4e4&_nc_ht=scontent-iad3-1.xx&oh=c0564e4b4e0cdc31cef1beabb4a60e26&oe=60DCF738'],Yes,,No,[],No
138,ASICSamerica_1563476401,2019-07-18,"If you‚Äôre doubting a run, kick it to the curb. WIN THE LONG RUN‚Ñ¢.",['https://scontent-iad3-1.xx.fbcdn.net/v/t1.6435-9/66831717_2491248537594508_3864266201735626752_n.jpg?_nc_cat=105&ccb=1-3&_nc_sid=2d5d41&_nc_ohc=fRDD0LxYKX4AX-RxNeK&_nc_ht=scontent-iad3-1.xx&oh=9365626e371a00b93652052704a1c275&oe=60DC14BB'],Yes,,No,[],No
139,ASICSamerica_1563303600,2019-07-16,"If you‚Äôre already out the door, the hardest part is over. WIN THE LONG RUN‚Ñ¢.",['https://scontent-iad3-1.xx.fbcdn.net/v/t1.6435-9/67253940_2487787477940614_5402391615039864832_n.jpg?_nc_cat=110&ccb=1-3&_nc_sid=2d5d41&_nc_ohc=arJhZfojpLkAX8uf5iX&_nc_ht=scontent-iad3-1.xx&oh=b5930eeb2790c6af76eede4ea9eeff7d&oe=60DE3C40'],Yes,,No,[],No
140,ASICSamerica_1563127946,2019-07-14,"HE‚ÄôS DONE IT AGAIN. Congratulations to Novak Djokovic on yet another Grand Slam victory‚Äîand 16th majors title! üéæ üéâ
üì∑: Corinne Dubreuil",['https://scontent-iad3-1.xx.fbcdn.net/v/t1.6435-9/66835177_2484147624971266_4346887179956387840_n.jpg?_nc_cat=107&ccb=1-3&_nc_sid=110474&_nc_ohc=tKebon2C-gEAX-stghJ&_nc_ht=scontent-iad3-1.xx&oh=9e56411aaa5272a52c81bfd8c353d289&oe=60DD493E'],Yes,,No,[],No
141,ASICSamerica_1563112800,2019-07-14,When you can‚Äôt run anymore but can‚Äôt wait to run again. WIN THE LONG RUN‚Ñ¢.,['https://scontent-iad3-1.xx.fbcdn.net/v/t1.6435-9/66637897_2483773531675342_1979115093136244736_n.jpg?_nc_cat=111&ccb=1-3&_nc_sid=2d5d41&_nc_ohc=L2FlkGQ9c6cAX_8RY9q&_nc_ht=scontent-iad3-1.xx&oh=6e6143c02dacb2af4170ed3ea398c71d&oe=60DDCD70'],Yes,,No,[],No
142,ASICSamerica_1562936452,2019-07-12,Find your moment and chase it. We teamed up with Emma Bates and FloSports to talk mindful training in the GEL-CUMULUS¬Æ 21 shoe. Find out more: https://asics.tv/2J65VBy WIN THE LONG RUN‚Ñ¢.,https://scontent-iad3-1.xx.fbcdn.net/v/t15.5256-10/65714608_2381736365443246_964192176240066560_n.jpg?_nc_cat=107&ccb=1-3&_nc_sid=f2c4d5&_nc_ohc=fsfuvH0B4sUAX-rawtt&_nc_ht=scontent-iad3-1.xx&oh=6a5251ae8cd1fe6d72db7d14586b2662&oe=60BD13FB,Yes,https://www.facebook.com/ASICSamerica/videos/2381735392110010/?t=0,Yes,[],No
143,ASICSamerica_1562785214,2019-07-10,Run the outdoors or what we like to call nature‚Äôs free gym. WIN THE LONG RUN‚Ñ¢.,['https://scontent-iad3-1.xx.fbcdn.net/v/t1.6435-9/s1080x2048/66779881_2476886019030760_6119648885729132544_n.jpg?_nc_cat=104&ccb=1-3&_nc_sid=2d5d41&_nc_ohc=A7gXVT0g8soAX_tbrRB&_nc_ht=scontent-iad3-1.xx&tp=7&oh=f28b747d9ec15b08cf3821f1fc97c7af&oe=60DEE709'],Yes,,No,[],No
144,ASICSamerica_1562755553,2019-07-10,Best of luck to two fierce competitors facing off in the quarterfinals today - David Goffin & Novak Djokovic. üì∑: Corinne Dubreuil,"['https://scontent-iad3-1.xx.fbcdn.net/v/t1.6435-9/66234229_2475334962519199_1576042767572795392_n.jpg?_nc_cat=106&ccb=1-3&_nc_sid=8024bb&_nc_ohc=DyINKWRg3hkAX_q0Bs5&_nc_ht=scontent-iad3-1.xx&oh=5fc59e2a6648337ed48ed1e2403c83a6&oe=60DBCD38', 'https://scontent-iad3-1.xx.fbcdn.net/v/t1.6435-9/66507511_2475334969185865_824491127917772800_n.jpg?_nc_cat=107&ccb=1-3&_nc_sid=8024bb&_nc_ohc=oS1HAdUY-dMAX-IsM4t&_nc_ht=scontent-iad3-1.xx&oh=64282d67b1775418f80858e99a193806&oe=60DEAD3A']",Yes,,No,[],No
145,ASICSamerica_1562418003,2019-07-06,Do what you came here to do. WIN THE LONG RUN‚Ñ¢.,['https://scontent-iad3-1.xx.fbcdn.net/v/t1.6435-9/s1080x2048/66408925_2469179846468044_1246659792907272192_n.jpg?_nc_cat=102&ccb=1-3&_nc_sid=2d5d41&_nc_ohc=HvcbyvwES9IAX_qit8p&_nc_ht=scontent-iad3-1.xx&tp=7&oh=a27dfcc6284c1b1906fff80e197385fc&oe=60DDE686'],Yes,,No,[],No
146,ASICSamerica_1562329680,2019-07-05,Allie Kieffer can‚Äôt be stopped. Watch her overcome training obstacles in the GEL-KAYANO¬Æ 26 shoe via FloSports. WIN THE LONG RUN‚Ñ¢.,https://scontent-iad3-1.xx.fbcdn.net/v/t15.5256-10/65804912_689227514862446_5004228660434042880_n.jpg?_nc_cat=107&ccb=1-3&_nc_sid=f2c4d5&_nc_ohc=9oOW1HrBhtYAX8NerVz&_nc_ht=scontent-iad3-1.xx&oh=67d4a147bf7d9bda1511ea4720c09b38&oe=60BCDB8C,Yes,https://www.facebook.com/ASICSamerica/videos/689225988195932/?t=0,Yes,[],No
147,ASICSamerica_1562176810,2019-07-03,Land of the free. Run it if you're brave. WIN THE LONG RUN‚Ñ¢.,['https://scontent-iad3-1.xx.fbcdn.net/v/t1.6435-9/p720x720/65714583_2464502146935814_6215532793661751296_n.jpg?_nc_cat=102&ccb=1-3&_nc_sid=2d5d41&_nc_ohc=u3EbIPiotN4AX_msPx8&_nc_ht=scontent-iad3-1.xx&tp=6&oh=d9046b465230d9a8c8d447532a353b42&oe=60DE12A5'],Yes,,No,[],No
148,ASICSamerica_1561813200,2019-06-29,"Let your true colors shine through. Run in shoes that stand out. Shop now: https://asics.tv/2RCiwPB 10 People, 10 Colors. Win The Long Run‚Ñ¢","['https://scontent-iad3-1.xx.fbcdn.net/v/t1.6435-0/p235x350/65568801_2452504304802265_3034511161899876352_n.jpg?_nc_cat=106&ccb=1-3&_nc_sid=8024bb&_nc_ohc=9IJcFYNWrwwAX82U30R&_nc_ht=scontent-iad3-1.xx&tp=6&oh=1729212b6a479917428ecaab88dcce70&oe=60DD7AE2', 'https://scontent-iad3-1.xx.fbcdn.net/v/t1.6435-0/p235x350/65241022_2452504291468933_4038420541403561984_n.jpg?_nc_cat=111&ccb=1-3&_nc_sid=8024bb&_nc_ohc=TJHhlbYZ0LcAX_4ytTC&_nc_ht=scontent-iad3-1.xx&tp=6&oh=8246f6abd7eefcd53b449f0b016a923e&oe=60DD1995', 'https://scontent-iad3-1.xx.fbcdn.net/v/t1.6435-0/p235x350/65079021_2452504311468931_8228415662708490240_n.jpg?_nc_cat=103&ccb=1-3&_nc_sid=8024bb&_nc_ohc=mL0MS41QiLkAX-kHYjY&_nc_ht=scontent-iad3-1.xx&tp=6&oh=5f0df603efc2ba3e64d505e99069d404&oe=60DEE2DD']",Yes,,No,[],No
149,ASICSamerica_1561730401,2019-06-28,"Your story is different. Your shoes should be too. Shop now: https://asics.tv/2RCiwPB 10 People, 10 Colors. WIN THE LONG RUN‚Ñ¢",['https://scontent-iad3-1.xx.fbcdn.net/v/t1.6435-9/65207233_2455552571164105_782536315412414464_n.jpg?_nc_cat=108&ccb=1-3&_nc_sid=2d5d41&_nc_ohc=wiaPNghlGSQAX9nfaIZ&_nc_ht=scontent-iad3-1.xx&oh=a0026099ced24238bfaf653e4a4fc2f7&oe=60DCCA5C'],Yes,,No,[],No
150,ASICSamerica_1561727136,2019-06-28,,['https://scontent-iad3-1.xx.fbcdn.net/v/t1.6435-9/65545261_2455474077838621_8045931517437804544_n.jpg?_nc_cat=106&ccb=1-3&_nc_sid=dd9801&_nc_ohc=Du38jm41uwMAX-Uvrfv&_nc_ht=scontent-iad3-1.xx&oh=8b50d243af6428ce918fa54de550f4d8&oe=60DD0ABF'],Yes,,No,[],No
151,ASICSamerica_1561640210,2019-06-27,It doesn‚Äôt get easier. You just get stronger. WIN THE LONG RUN‚Ñ¢.,['https://scontent-iad3-1.xx.fbcdn.net/v/t1.6435-9/65438556_2453756731343689_5472192152224137216_n.jpg?_nc_cat=106&ccb=1-3&_nc_sid=110474&_nc_ohc=0AxijSCV7WYAX8zPt6A&_nc_ht=scontent-iad3-1.xx&oh=b53ad6539c823bb110d47446309b3286&oe=60DF2B34'],Yes,,No,[],No
